--
-- PostgreSQL database dump
--

-- Dumped from database version 15.1 (Ubuntu 15.1-1.pgdg20.04+1)
-- Dumped by pg_dump version 15.4 (Ubuntu 15.4-0ubuntu0.23.04.1)

-- Started on 2023-12-16 19:38:30 WIB

SET statement_timeout = 0;
SET lock_timeout = 0;
SET idle_in_transaction_session_timeout = 0;
SET client_encoding = 'UTF8';
SET standard_conforming_strings = on;
SELECT pg_catalog.set_config('search_path', '', false);
SET check_function_bodies = false;
SET xmloption = content;
SET client_min_messages = warning;
SET row_security = off;

--
-- TOC entry 3789 (class 1262 OID 5)
-- Name: postgres; Type: DATABASE; Schema: -; Owner: postgres
--

CREATE DATABASE postgres WITH TEMPLATE = template0 ENCODING = 'UTF8' LOCALE_PROVIDER = libc LOCALE = 'C.UTF-8';


ALTER DATABASE postgres OWNER TO postgres;

\connect postgres

SET statement_timeout = 0;
SET lock_timeout = 0;
SET idle_in_transaction_session_timeout = 0;
SET client_encoding = 'UTF8';
SET standard_conforming_strings = on;
SELECT pg_catalog.set_config('search_path', '', false);
SET check_function_bodies = false;
SET xmloption = content;
SET client_min_messages = warning;
SET row_security = off;

--
-- TOC entry 3790 (class 0 OID 0)
-- Dependencies: 3789
-- Name: DATABASE postgres; Type: COMMENT; Schema: -; Owner: postgres
--

COMMENT ON DATABASE postgres IS 'default administrative connection database';


--
-- TOC entry 3792 (class 0 OID 0)
-- Name: postgres; Type: DATABASE PROPERTIES; Schema: -; Owner: postgres
--

ALTER DATABASE postgres SET "app.settings.jwt_secret" TO 'x7uR7IaTER6o3C9VupqnUwgmFITJHHdQDZEBhdWYTwWmveYLE6pgBD5Q8tWUzoVjQMhHT717H5pNoZuFhBZeCA==';
ALTER DATABASE postgres SET "app.settings.jwt_exp" TO '3600';


\connect postgres

SET statement_timeout = 0;
SET lock_timeout = 0;
SET idle_in_transaction_session_timeout = 0;
SET client_encoding = 'UTF8';
SET standard_conforming_strings = on;
SELECT pg_catalog.set_config('search_path', '', false);
SET check_function_bodies = false;
SET xmloption = content;
SET client_min_messages = warning;
SET row_security = off;

--
-- TOC entry 13 (class 2615 OID 2200)
-- Name: public; Type: SCHEMA; Schema: -; Owner: pg_database_owner
--

CREATE SCHEMA public;


ALTER SCHEMA public OWNER TO pg_database_owner;

--
-- TOC entry 3793 (class 0 OID 0)
-- Dependencies: 13
-- Name: SCHEMA public; Type: COMMENT; Schema: -; Owner: pg_database_owner
--

COMMENT ON SCHEMA public IS 'standard public schema';


SET default_tablespace = '';

SET default_table_access_method = heap;

--
-- TOC entry 289 (class 1259 OID 28571)
-- Name: auth; Type: TABLE; Schema: public; Owner: postgres
--

CREATE TABLE public.auth (
    user_id character varying(255) NOT NULL,
    password character varying(255) NOT NULL
);


ALTER TABLE public.auth OWNER TO postgres;

--
-- TOC entry 295 (class 1259 OID 28643)
-- Name: favourites; Type: TABLE; Schema: public; Owner: postgres
--

CREATE TABLE public.favourites (
    id integer NOT NULL,
    recipe_id character varying(255) NOT NULL,
    user_id character varying(255) NOT NULL
);


ALTER TABLE public.favourites OWNER TO postgres;

--
-- TOC entry 297 (class 1259 OID 30842)
-- Name: favourites_id_seq; Type: SEQUENCE; Schema: public; Owner: postgres
--

ALTER TABLE public.favourites ALTER COLUMN id ADD GENERATED BY DEFAULT AS IDENTITY (
    SEQUENCE NAME public.favourites_id_seq
    START WITH 1
    INCREMENT BY 1
    NO MINVALUE
    NO MAXVALUE
    CACHE 1
);


--
-- TOC entry 291 (class 1259 OID 28599)
-- Name: ingredients; Type: TABLE; Schema: public; Owner: postgres
--

CREATE TABLE public.ingredients (
    recipe_id character varying(255) NOT NULL,
    qty character varying(255) NOT NULL,
    unit character varying(255) NOT NULL,
    name character varying(255) NOT NULL,
    id integer NOT NULL
);


ALTER TABLE public.ingredients OWNER TO postgres;

--
-- TOC entry 298 (class 1259 OID 31746)
-- Name: ingredients_id_seq; Type: SEQUENCE; Schema: public; Owner: postgres
--

ALTER TABLE public.ingredients ALTER COLUMN id ADD GENERATED BY DEFAULT AS IDENTITY (
    SEQUENCE NAME public.ingredients_id_seq
    START WITH 1
    INCREMENT BY 1
    NO MINVALUE
    NO MAXVALUE
    CACHE 1
);


--
-- TOC entry 293 (class 1259 OID 28610)
-- Name: ratings; Type: TABLE; Schema: public; Owner: postgres
--

CREATE TABLE public.ratings (
    id integer NOT NULL,
    recipe_id character varying(255) NOT NULL,
    user_id character varying(255),
    stars integer NOT NULL,
    comment character varying(255),
    date timestamp with time zone NOT NULL
);


ALTER TABLE public.ratings OWNER TO postgres;

--
-- TOC entry 292 (class 1259 OID 28609)
-- Name: ratings_id_seq; Type: SEQUENCE; Schema: public; Owner: postgres
--

CREATE SEQUENCE public.ratings_id_seq
    AS integer
    START WITH 1
    INCREMENT BY 1
    NO MINVALUE
    NO MAXVALUE
    CACHE 1;


ALTER TABLE public.ratings_id_seq OWNER TO postgres;

--
-- TOC entry 3801 (class 0 OID 0)
-- Dependencies: 292
-- Name: ratings_id_seq; Type: SEQUENCE OWNED BY; Schema: public; Owner: postgres
--

ALTER SEQUENCE public.ratings_id_seq OWNED BY public.ratings.id;


--
-- TOC entry 290 (class 1259 OID 28585)
-- Name: recipes; Type: TABLE; Schema: public; Owner: postgres
--

CREATE TABLE public.recipes (
    id character varying(255) NOT NULL,
    author_id character varying(255) NOT NULL,
    title character varying(255) NOT NULL,
    category character varying(255) NOT NULL,
    img_url character varying(255) NOT NULL,
    difficulty character varying(255) NOT NULL,
    portion integer NOT NULL,
    minute_duration integer NOT NULL,
    stars real,
    image_path text NOT NULL,
    view_count integer DEFAULT 0
);


ALTER TABLE public.recipes OWNER TO postgres;

--
-- TOC entry 294 (class 1259 OID 28628)
-- Name: steps; Type: TABLE; Schema: public; Owner: postgres
--

CREATE TABLE public.steps (
    recipe_id character varying(255) NOT NULL,
    number integer NOT NULL,
    step character varying(255) NOT NULL,
    id integer NOT NULL
);


ALTER TABLE public.steps OWNER TO postgres;

--
-- TOC entry 299 (class 1259 OID 31754)
-- Name: steps_id_seq; Type: SEQUENCE; Schema: public; Owner: postgres
--

ALTER TABLE public.steps ALTER COLUMN id ADD GENERATED BY DEFAULT AS IDENTITY (
    SEQUENCE NAME public.steps_id_seq
    START WITH 1
    INCREMENT BY 1
    NO MINVALUE
    NO MAXVALUE
    CACHE 1
);


--
-- TOC entry 288 (class 1259 OID 28560)
-- Name: users; Type: TABLE; Schema: public; Owner: postgres
--

CREATE TABLE public.users (
    id character varying(255) NOT NULL,
    name character varying(255) NOT NULL,
    username character varying(255) NOT NULL,
    email character varying(255) NOT NULL,
    image_url character varying(255) DEFAULT 'https://kcdozmuijfkbhixjccgw.supabase.co/storage/v1/object/public/gorenganindonesia/default/user-512.png'::character varying NOT NULL,
    image_path text DEFAULT 'default/user-512.png'::text
);


ALTER TABLE public.users OWNER TO postgres;

--
-- TOC entry 296 (class 1259 OID 28662)
-- Name: user_auth; Type: VIEW; Schema: public; Owner: postgres
--

CREATE VIEW public.user_auth AS
 SELECT users.id,
    users.name,
    users.username,
    users.email,
    users.image_url,
    auth.password
   FROM (public.users
     JOIN public.auth ON (((users.id)::text = (auth.user_id)::text)));


ALTER TABLE public.user_auth OWNER TO postgres;

--
-- TOC entry 3591 (class 2604 OID 28613)
-- Name: ratings id; Type: DEFAULT; Schema: public; Owner: postgres
--

ALTER TABLE ONLY public.ratings ALTER COLUMN id SET DEFAULT nextval('public.ratings_id_seq'::regclass);


--
-- TOC entry 3774 (class 0 OID 28571)
-- Dependencies: 289
-- Data for Name: auth; Type: TABLE DATA; Schema: public; Owner: postgres
--

INSERT INTO public.auth VALUES ('@id_userEW3XETwzatHLUsLIhpdh8', '$2b$10$4jUiUHpqnR2mkdQSXcLGmOaQHu9ok1eN5maPV13E2jWb8RoNgVHGW');
INSERT INTO public.auth VALUES ('@id_user3HceBhx_jIfB_Xd5_04MU', '$2b$10$dCd22v9KIxcq6weDLuccyOVbY.Mcz2TsQPPJTPQRpVSxDhfLF//uW');
INSERT INTO public.auth VALUES ('@id_user--E2er8FtN-4hyFIBgzfd', '$2b$10$Y0paW4X6wiJYH1Yjz3kc8uWZS53qpNElFkm4Np5wpgwC1makOIM5K');
INSERT INTO public.auth VALUES ('@id_user52nNBdoEinsLnYkhzHPcX', '$2b$10$cCtXZxmIAFjZpo01ejYTA.nxMkNotwQ7VQIzwSAJRoSuFJxU.cwme');
INSERT INTO public.auth VALUES ('@id_userUIjuDuhJ_QnJbdiA_z1F_', '$2b$10$G0eNR0hBVxJoMXuLBJyPS.AAzXekMmOIgR1EDeCC75QWQ1DTSHTVG');
INSERT INTO public.auth VALUES ('@id_userk3a8NtJBKgCPSkPPSaBaA', '$2b$10$bBTpBjUEcPxPCFDyma1mce1SxqHCJfqrEFlSTjqRU.hB.Dj.WZpWG');
INSERT INTO public.auth VALUES ('@id_userUkmal8h9YBdogptqFoQ3h', '$2b$10$9d3ElMQ0DkQJubcHkTWiqupStjt37ZoggnFJkgQ950eSyWimImNGS');
INSERT INTO public.auth VALUES ('@id_userjEJ4ecn7yWoPM8HvbwyGw', '$2b$10$sRDpsN/n89BwEQpEVryHG.0JPEswZqfu2b4d1FDmL.lqzsyQwnFN2');
INSERT INTO public.auth VALUES ('@id_usercRL9fcjZSLm4qJ72fhciv', '$2b$10$V/2PQQ.JHyBAzOkN5LQNEewbOnyLk6HVIFJJygIgXA1LMRUOLadZC');
INSERT INTO public.auth VALUES ('@id_user73McCZ_d3lXHXYr6HrD1L', '$2b$10$gROKYdcfxMQWrG9ItX.k2ubec9W/8n0RSyVvKVvQKTQsMoeGY7NE2');
INSERT INTO public.auth VALUES ('@id_userOopgMPDpRwlA7hpRIVhwx', '$2b$10$rFGMd1/ZXVLiQ1VIFGUNpOyuI4rvRrSw3p7wc4KeMZLCqfsIucP1.');
INSERT INTO public.auth VALUES ('@id_userUyryYUYLO6HilN4RH4myU', '$2b$10$407sa5bKgd2nFH2d.TB7DONyddru8dJI69ecOYqi6adZN8e9N809S');
INSERT INTO public.auth VALUES ('@id_userBPqBoCh_xILbpXln474bD', '$2b$10$lko4LkFxd5QfLegUpjwIJeV926hVxyXfpPZXIwiwPrMQ.sXB.8x8G');


--
-- TOC entry 3780 (class 0 OID 28643)
-- Dependencies: 295
-- Data for Name: favourites; Type: TABLE DATA; Schema: public; Owner: postgres
--

INSERT INTO public.favourites VALUES (37, 'receipt-12', '@id_user3HceBhx_jIfB_Xd5_04MU');
INSERT INTO public.favourites VALUES (40, 'receipt-1', '@id_userEW3XETwzatHLUsLIhpdh8');
INSERT INTO public.favourites VALUES (41, 'receipt-12', '@id_userEW3XETwzatHLUsLIhpdh8');
INSERT INTO public.favourites VALUES (42, 'receipt-25', '@id_userEW3XETwzatHLUsLIhpdh8');
INSERT INTO public.favourites VALUES (43, 'receipt-11', '@id_userEW3XETwzatHLUsLIhpdh8');
INSERT INTO public.favourites VALUES (44, 'receipt-24', '@id_userEW3XETwzatHLUsLIhpdh8');
INSERT INTO public.favourites VALUES (45, 'receipt-12', '@id_userUIjuDuhJ_QnJbdiA_z1F_');
INSERT INTO public.favourites VALUES (46, 'receipt-23', '@id_userUIjuDuhJ_QnJbdiA_z1F_');
INSERT INTO public.favourites VALUES (47, 'receipt-10', '@id_userUIjuDuhJ_QnJbdiA_z1F_');
INSERT INTO public.favourites VALUES (52, 'receipt-6', '@id_userBPqBoCh_xILbpXln474bD');
INSERT INTO public.favourites VALUES (53, 'receipt-20', '@id_userBPqBoCh_xILbpXln474bD');


--
-- TOC entry 3776 (class 0 OID 28599)
-- Dependencies: 291
-- Data for Name: ingredients; Type: TABLE DATA; Schema: public; Owner: postgres
--

INSERT INTO public.ingredients VALUES ('receipt-1', '250', 'gram', 'tepung kanji', 1);
INSERT INTO public.ingredients VALUES ('receipt-1', '2', 'siung', 'bawang putih, haluskan', 2);
INSERT INTO public.ingredients VALUES ('receipt-1', '½', 'sdt', 'garam', 3);
INSERT INTO public.ingredients VALUES ('receipt-1', '¼', 'sdt', 'gula', 4);
INSERT INTO public.ingredients VALUES ('receipt-1', '¼', 'sdt', 'kaldu bubuk (opsional)', 5);
INSERT INTO public.ingredients VALUES ('receipt-1', '200', 'ml', 'air', 6);
INSERT INTO public.ingredients VALUES ('receipt-1', '2', 'sdm', 'minyak goreng', 7);
INSERT INTO public.ingredients VALUES ('receipt-1', '3', 'sdm', 'saus sambal manis (untuk bumbu pedas manis)', 8);
INSERT INTO public.ingredients VALUES ('receipt-1', '1', 'sdm', 'saus tomat (untuk bumbu pedas manis)', 9);
INSERT INTO public.ingredients VALUES ('receipt-1', '1', 'sdm', 'kecap manis (untuk bumbu pedas manis)', 10);
INSERT INTO public.ingredients VALUES ('receipt-1', '1', 'sdt', 'gula (untuk bumbu pedas manis)', 11);
INSERT INTO public.ingredients VALUES ('receipt-1', '½', 'sdt', 'garam (untuk bumbu pedas manis)', 12);
INSERT INTO public.ingredients VALUES ('receipt-1', '1', 'sdm', 'air (untuk bumbu pedas manis)', 13);
INSERT INTO public.ingredients VALUES ('receipt-2', '200', 'gram', 'tempe, potong tipis', 14);
INSERT INTO public.ingredients VALUES ('receipt-2', '150', 'gram', 'tepung terigu', 15);
INSERT INTO public.ingredients VALUES ('receipt-2', '2', 'sdm', 'tepung beras', 16);
INSERT INTO public.ingredients VALUES ('receipt-2', '½', 'sdt', 'merica bubuk', 17);
INSERT INTO public.ingredients VALUES ('receipt-2', '¼', 'sdt', 'garam', 18);
INSERT INTO public.ingredients VALUES ('receipt-2', '200', 'ml', 'air es', 19);
INSERT INTO public.ingredients VALUES ('receipt-3', '4', 'buah', 'pisang, potong sesuai selera', 20);
INSERT INTO public.ingredients VALUES ('receipt-3', '150', 'gram', 'tepung terigu', 21);
INSERT INTO public.ingredients VALUES ('receipt-3', '50', 'gram', 'tepung beras', 22);
INSERT INTO public.ingredients VALUES ('receipt-3', '½', 'sdt', 'garam', 23);
INSERT INTO public.ingredients VALUES ('receipt-3', '2', 'sdm', 'gula', 24);
INSERT INTO public.ingredients VALUES ('receipt-3', '200', 'ml', 'air', 25);
INSERT INTO public.ingredients VALUES ('receipt-3', '', '~', 'minyak goreng', 26);
INSERT INTO public.ingredients VALUES ('receipt-4', '4', 'buah', 'kentang, potong sesuai selera', 27);
INSERT INTO public.ingredients VALUES ('receipt-4', '150', 'gram', 'tepung terigu', 28);
INSERT INTO public.ingredients VALUES ('receipt-4', '½', 'sdt', 'merica bubuk', 29);
INSERT INTO public.ingredients VALUES ('receipt-4', '½', 'sdt', 'garam', 30);
INSERT INTO public.ingredients VALUES ('receipt-4', '½', 'sdt', 'bawang putih bubuk', 31);
INSERT INTO public.ingredients VALUES ('receipt-4', '', '~', 'minyak untuk menggoreng', 32);
INSERT INTO public.ingredients VALUES ('receipt-4', '', '~', 'saus pedas sebagai pelengkap', 33);
INSERT INTO public.ingredients VALUES ('receipt-5', '200', 'gram', 'tepung beras', 34);
INSERT INTO public.ingredients VALUES ('receipt-5', '50', 'gram', 'tepung terigu', 35);
INSERT INTO public.ingredients VALUES ('receipt-5', '100', 'gram', 'udang, kupas, cuci bersih, dan tiriskan', 36);
INSERT INTO public.ingredients VALUES ('receipt-5', '150', 'ml', 'air es', 37);
INSERT INTO public.ingredients VALUES ('receipt-5', '2', 'siung', 'bawang putih, haluskan', 38);
INSERT INTO public.ingredients VALUES ('receipt-5', '1/2', 'sdt', 'garam', 39);
INSERT INTO public.ingredients VALUES ('receipt-5', '1/2', 'sdt', 'gula', 40);
INSERT INTO public.ingredients VALUES ('receipt-5', '1/4', 'sdt', 'kaldu bubuk', 41);
INSERT INTO public.ingredients VALUES ('receipt-5', '', '~', 'minyak untuk menggoreng', 42);
INSERT INTO public.ingredients VALUES ('receipt-6', '150', 'gram', 'tepung terigu', 43);
INSERT INTO public.ingredients VALUES ('receipt-6', '200', 'ml', 'air', 44);
INSERT INTO public.ingredients VALUES ('receipt-6', '2', 'siung', 'bawang putih, haluskan', 45);
INSERT INTO public.ingredients VALUES ('receipt-6', '1/2', 'sdt', 'garam', 46);
INSERT INTO public.ingredients VALUES ('receipt-6', '1/2', 'sdt', 'gula', 47);
INSERT INTO public.ingredients VALUES ('receipt-6', '1/4', 'sdt', 'kaldu bubuk', 48);
INSERT INTO public.ingredients VALUES ('receipt-6', '1/2', 'sdt', 'garam', 49);
INSERT INTO public.ingredients VALUES ('receipt-6', '', '~', 'tauge', 50);
INSERT INTO public.ingredients VALUES ('receipt-6', '', '~', 'wortel, potong korek api', 51);
INSERT INTO public.ingredients VALUES ('receipt-6', '', '~', 'kol, iris halus', 52);
INSERT INTO public.ingredients VALUES ('receipt-6', '', '~', 'daun bawang, iris halus', 53);
INSERT INTO public.ingredients VALUES ('receipt-6', '', '~', 'minyak untuk menggoreng', 54);
INSERT INTO public.ingredients VALUES ('recipe-ISzc4upbs3uWApe-', '250', 'gr', 'tepung tapioka', 417);
INSERT INTO public.ingredients VALUES ('recipe-ISzc4upbs3uWApe-', '50', 'gr', 'tepung terigu ', 418);
INSERT INTO public.ingredients VALUES ('recipe-ISzc4upbs3uWApe-', '1', 'sdm', 'garam', 419);
INSERT INTO public.ingredients VALUES ('recipe-ISzc4upbs3uWApe-', '200', 'ml', 'air mendidih ', 420);
INSERT INTO public.ingredients VALUES ('recipe-ISzc4upbs3uWApe-', '1.5', 'bungkus', 'Keju mozzarella ', 421);
INSERT INTO public.ingredients VALUES ('recipe-ISzc4upbs3uWApe-', '3', 'siung', 'bawang putih ', 422);
INSERT INTO public.ingredients VALUES ('recipe-ISzc4upbs3uWApe-', '4', 'lbr', 'daun jeruk', 423);
INSERT INTO public.ingredients VALUES ('receipt-8', '500', 'gram', 'kentang, kupas dan rebus hingga empuk', 62);
INSERT INTO public.ingredients VALUES ('receipt-8', '200', 'gram', 'daging ayam cincang', 63);
INSERT INTO public.ingredients VALUES ('receipt-8', '2', 'siung', 'bawang putih, haluskan', 64);
INSERT INTO public.ingredients VALUES ('receipt-8', '4', 'btr', 'bawang merah, cincang halus', 65);
INSERT INTO public.ingredients VALUES ('receipt-8', '1', 'btr', 'telur', 66);
INSERT INTO public.ingredients VALUES ('receipt-8', '1/2', 'sdt', 'garam', 67);
INSERT INTO public.ingredients VALUES ('receipt-8', '1/4', 'sdt', 'merica', 68);
INSERT INTO public.ingredients VALUES ('receipt-8', '', '~', 'penyedap rasa ~', 69);
INSERT INTO public.ingredients VALUES ('receipt-8', '', '~', 'minyak untuk menggoreng', 70);
INSERT INTO public.ingredients VALUES ('receipt-9', '4', 'buah', 'tahu, potong menjadi kotak-kotak kecil', 71);
INSERT INTO public.ingredients VALUES ('receipt-9', '150', 'gram', 'tepung terigu', 72);
INSERT INTO public.ingredients VALUES ('receipt-9', '1/2', 'sdt', 'bawang putih bubuk', 73);
INSERT INTO public.ingredients VALUES ('receipt-9', '1/2', 'sdt', 'garam', 74);
INSERT INTO public.ingredients VALUES ('receipt-9', '1/4', 'sdt', 'merica', 75);
INSERT INTO public.ingredients VALUES ('receipt-9', '200', 'ml', 'air', 76);
INSERT INTO public.ingredients VALUES ('receipt-9', '', '~', 'minyak untuk menggoreng', 77);
INSERT INTO public.ingredients VALUES ('recipe-ISzc4upbs3uWApe-', '100', 'ml', 'minyak goreng ', 424);
INSERT INTO public.ingredients VALUES ('recipe-ISzc4upbs3uWApe-', '5', 'sdm', 'bumbu cabai', 425);
INSERT INTO public.ingredients VALUES ('recipe-ISzc4upbs3uWApe-', '4', 'sdm ', 'cabai bubuk', 426);
INSERT INTO public.ingredients VALUES ('recipe-ISzc4upbs3uWApe-', '1', 'sdm', 'kaldu ayam bubuk', 427);
INSERT INTO public.ingredients VALUES ('receipt-11', '250', 'gram', 'tepung terigu', 85);
INSERT INTO public.ingredients VALUES ('receipt-11', '1/2', 'sdt', 'garam', 86);
INSERT INTO public.ingredients VALUES ('receipt-11', '1', 'sdm', 'gula', 87);
INSERT INTO public.ingredients VALUES ('receipt-11', '1/2', 'sdt', 'bawang putih bubuk', 88);
INSERT INTO public.ingredients VALUES ('receipt-11', '2', 'btr', 'bawang merah, cincang halus', 89);
INSERT INTO public.ingredients VALUES ('receipt-11', '1', 'btg', 'daun bawang, iris halus', 90);
INSERT INTO public.ingredients VALUES ('receipt-11', '200', 'ml', 'air', 91);
INSERT INTO public.ingredients VALUES ('receipt-11', '', '~', 'minyak untuk menggoreng', 92);
INSERT INTO public.ingredients VALUES ('receipt-12', '150', 'gram', 'tepung kanji', 93);
INSERT INTO public.ingredients VALUES ('receipt-12', '100', 'gram', 'tepung terigu', 94);
INSERT INTO public.ingredients VALUES ('receipt-12', '1/2', 'sdt', 'garam', 95);
INSERT INTO public.ingredients VALUES ('receipt-12', '1', 'sdm', 'gula', 96);
INSERT INTO public.ingredients VALUES ('receipt-12', '1/2', 'sdt', 'bawang putih bubuk', 97);
INSERT INTO public.ingredients VALUES ('receipt-12', '2', 'btr', 'bawang merah, cincang halus', 98);
INSERT INTO public.ingredients VALUES ('receipt-12', '1', 'btg', 'daun bawang, iris halus', 99);
INSERT INTO public.ingredients VALUES ('receipt-12', '200', 'ml', 'air', 100);
INSERT INTO public.ingredients VALUES ('receipt-12', '', '~', 'minyak untuk menggoreng', 101);
INSERT INTO public.ingredients VALUES ('receipt-12', '', '~', 'telur ayam', 102);
INSERT INTO public.ingredients VALUES ('receipt-13', '4', 'buah', 'tahu putih bulat, belah dua', 103);
INSERT INTO public.ingredients VALUES ('receipt-13', '150', 'gram', 'tepung terigu', 104);
INSERT INTO public.ingredients VALUES ('receipt-13', '1/2', 'sdt', 'garam', 105);
INSERT INTO public.ingredients VALUES ('receipt-13', '1/4', 'sdt', 'merica', 106);
INSERT INTO public.ingredients VALUES ('receipt-13', '200', 'ml', 'air', 107);
INSERT INTO public.ingredients VALUES ('receipt-13', '', '~', 'minyak untuk menggoreng', 108);
INSERT INTO public.ingredients VALUES ('receipt-14', '500', 'gram', 'sukun, kupas dan iris tipis', 109);
INSERT INTO public.ingredients VALUES ('receipt-14', '150', 'gram', 'tepung terigu', 110);
INSERT INTO public.ingredients VALUES ('receipt-14', '1/2', 'sdt', 'garam', 111);
INSERT INTO public.ingredients VALUES ('receipt-14', '1/4', 'sdt', 'merica', 112);
INSERT INTO public.ingredients VALUES ('receipt-14', '200', 'ml', 'air', 113);
INSERT INTO public.ingredients VALUES ('receipt-14', '', '~', 'minyak untuk menggoreng', 114);
INSERT INTO public.ingredients VALUES ('receipt-15', '2', 'buah', 'apel, kupas, buang biji, dan potong menjadi irisan setebal 1 cm', 115);
INSERT INTO public.ingredients VALUES ('receipt-15', '150', 'gram', 'tepung terigu', 116);
INSERT INTO public.ingredients VALUES ('receipt-15', '1/4', 'cup', 'gula', 117);
INSERT INTO public.ingredients VALUES ('receipt-15', '1/4', 'sdt', 'garam', 118);
INSERT INTO public.ingredients VALUES ('receipt-15', '1/2', 'sdt', 'kayu manis', 119);
INSERT INTO public.ingredients VALUES ('receipt-15', '1', 'btr', 'telur', 120);
INSERT INTO public.ingredients VALUES ('receipt-15', '200', 'ml', 'air', 121);
INSERT INTO public.ingredients VALUES ('receipt-15', '', '~', 'minyak untuk menggoreng', 122);
INSERT INTO public.ingredients VALUES ('receipt-15', '', '~', 'gula bubuk atau kayu manis bubuk untuk hiasan', 123);
INSERT INTO public.ingredients VALUES ('receipt-16', '4', 'potong', 'roti tawar, potong menjadi bentuk bantal', 124);
INSERT INTO public.ingredients VALUES ('receipt-16', '2', 'btr', 'telur', 125);
INSERT INTO public.ingredients VALUES ('receipt-16', '50', 'ml', 'susu', 126);
INSERT INTO public.ingredients VALUES ('receipt-16', '2', 'sdm', 'gula', 127);
INSERT INTO public.ingredients VALUES ('receipt-16', '1/4', 'sdt', 'garam', 128);
INSERT INTO public.ingredients VALUES ('receipt-16', '', '~', 'minyak untuk menggoreng', 129);
INSERT INTO public.ingredients VALUES ('receipt-16', '', '~', 'gula bubuk atau topping sesuai selera', 130);
INSERT INTO public.ingredients VALUES ('receipt-17', '2 1/4', 'sdt', 'ragi instan', 131);
INSERT INTO public.ingredients VALUES ('receipt-17', '120', 'ml', 'susu hangat', 132);
INSERT INTO public.ingredients VALUES ('receipt-17', '2 1/2', 'sdm', 'gula', 133);
INSERT INTO public.ingredients VALUES ('receipt-17', '500', 'gram', 'tepung terigu', 134);
INSERT INTO public.ingredients VALUES ('receipt-17', '1/2', 'sdt', 'garam', 135);
INSERT INTO public.ingredients VALUES ('receipt-17', '1', 'btr', 'telur', 136);
INSERT INTO public.ingredients VALUES ('receipt-17', '3', 'sdm', 'mentega', 137);
INSERT INTO public.ingredients VALUES ('receipt-17', '', '~', 'minyak untuk menggoreng', 138);
INSERT INTO public.ingredients VALUES ('receipt-17', '', '~', 'selai strawberry sesuai selera', 139);
INSERT INTO public.ingredients VALUES ('receipt-17', '', '~', 'gula bubuk untuk taburan', 140);
INSERT INTO public.ingredients VALUES ('receipt-18', '150', 'gram', 'tepung terigu', 141);
INSERT INTO public.ingredients VALUES ('receipt-18', '100', 'ml', 'air', 142);
INSERT INTO public.ingredients VALUES ('receipt-18', '2', 'btr', 'bawang merah, cincang halus', 143);
INSERT INTO public.ingredients VALUES ('receipt-18', '2', 'siung', 'bawang putih, cincang halus', 144);
INSERT INTO public.ingredients VALUES ('receipt-18', '1', 'sdm', 'gula', 145);
INSERT INTO public.ingredients VALUES ('receipt-18', '1/2', 'sdt', 'garam', 146);
INSERT INTO public.ingredients VALUES ('receipt-18', '200', 'gram', 'teri, sangrai', 147);
INSERT INTO public.ingredients VALUES ('receipt-18', '', '~', 'minyak untuk menggoreng', 148);
INSERT INTO public.ingredients VALUES ('receipt-19', '250', 'gram', 'tepung ketan', 149);
INSERT INTO public.ingredients VALUES ('receipt-19', '100', 'gram', 'gula pasir', 150);
INSERT INTO public.ingredients VALUES ('receipt-19', '5', 'lbr', 'daun pandan, dihaluskan', 151);
INSERT INTO public.ingredients VALUES ('receipt-19', '100', 'gram', 'gula merah, potong kecil-kecil', 152);
INSERT INTO public.ingredients VALUES ('receipt-19', '', '~', 'minyak untuk menggoreng', 153);
INSERT INTO public.ingredients VALUES ('receipt-20', '150', 'gram', 'tepung terigu', 154);
INSERT INTO public.ingredients VALUES ('receipt-20', '2', 'siung', 'bawang putih, haluskan', 155);
INSERT INTO public.ingredients VALUES ('receipt-20', '1/2', 'sdt', 'garam', 156);
INSERT INTO public.ingredients VALUES ('receipt-20', '1', 'sdt', 'gula', 157);
INSERT INTO public.ingredients VALUES ('receipt-20', '1/4', 'sdt', 'merica', 158);
INSERT INTO public.ingredients VALUES ('receipt-20', '2', 'btg', 'daun seledri, iris halus', 159);
INSERT INTO public.ingredients VALUES ('receipt-20', '1', 'buah', 'wortel, parut halus', 160);
INSERT INTO public.ingredients VALUES ('receipt-20', '100', 'gram', 'tauge (kecambah)', 161);
INSERT INTO public.ingredients VALUES ('receipt-20', '200', 'ml', 'air', 162);
INSERT INTO public.ingredients VALUES ('receipt-20', '', '~', 'minyak untuk menggoreng', 163);
INSERT INTO public.ingredients VALUES ('receipt-21', '12', 'lbr', 'kulit lumpia', 438);
INSERT INTO public.ingredients VALUES ('receipt-22', '100', 'gram', 'tepung terigu', 170);
INSERT INTO public.ingredients VALUES ('receipt-22', '50', 'gram', 'tepung beras', 171);
INSERT INTO public.ingredients VALUES ('receipt-22', '200', 'gram', 'jagung pipil (manis atau biasa)', 172);
INSERT INTO public.ingredients VALUES ('receipt-22', '1', 'sdm', 'gula', 173);
INSERT INTO public.ingredients VALUES ('receipt-22', '1/2', 'sdt', 'garam', 174);
INSERT INTO public.ingredients VALUES ('receipt-22', '2', 'btg', 'daun bawang, iris halus', 175);
INSERT INTO public.ingredients VALUES ('receipt-22', '200', 'ml', 'air', 176);
INSERT INTO public.ingredients VALUES ('receipt-22', '', '~', 'minyak untuk menggoreng', 177);
INSERT INTO public.ingredients VALUES ('receipt-23', '150', 'gram', 'tepung beras', 178);
INSERT INTO public.ingredients VALUES ('receipt-23', '50', 'gram', 'tepung terigu', 179);
INSERT INTO public.ingredients VALUES ('receipt-23', '2', 'siung', 'bawang putih, haluskan', 180);
INSERT INTO public.ingredients VALUES ('receipt-23', '1', 'sdm', 'gula', 181);
INSERT INTO public.ingredients VALUES ('receipt-23', '1/2', 'sdt', 'garam', 182);
INSERT INTO public.ingredients VALUES ('receipt-23', '1/2', 'sdt', 'ketumbar bubuk', 183);
INSERT INTO public.ingredients VALUES ('receipt-23', '200', 'ml', 'air', 184);
INSERT INTO public.ingredients VALUES ('receipt-23', '', '~', 'minyak untuk menggoreng', 185);
INSERT INTO public.ingredients VALUES ('receipt-24', '250', 'gram', 'tahu (gehu)', 186);
INSERT INTO public.ingredients VALUES ('receipt-24', '100', 'gram', 'tepung terigu', 187);
INSERT INTO public.ingredients VALUES ('receipt-24', '2', 'siung', 'bawang putih, haluskan', 188);
INSERT INTO public.ingredients VALUES ('receipt-24', '1/2', 'sdt', 'garam', 189);
INSERT INTO public.ingredients VALUES ('receipt-24', '1/4', 'sdt', 'lada', 190);
INSERT INTO public.ingredients VALUES ('receipt-24', '200', 'ml', 'air', 191);
INSERT INTO public.ingredients VALUES ('receipt-24', '', '~', 'minyak untuk menggoreng', 192);
INSERT INTO public.ingredients VALUES ('receipt-24', '', '~', 'saus cabai atau saus sambal sebagai pelengkap', 193);
INSERT INTO public.ingredients VALUES ('receipt-25', '150', 'gram', 'tepung terigu', 194);
INSERT INTO public.ingredients VALUES ('receipt-25', '2', 'siung', 'bawang putih, haluskan', 195);
INSERT INTO public.ingredients VALUES ('receipt-25', '2', 'siung', 'bawang merah, haluskan', 196);
INSERT INTO public.ingredients VALUES ('receipt-25', '2', 'btg', 'daun seledri, iris halus', 197);
INSERT INTO public.ingredients VALUES ('receipt-25', '1/2', 'sdt', 'garam', 198);
INSERT INTO public.ingredients VALUES ('receipt-25', '1/4', 'sdt', 'merica', 199);
INSERT INTO public.ingredients VALUES ('receipt-25', '1', 'btr', 'telur', 200);
INSERT INTO public.ingredients VALUES ('receipt-25', '200', 'ml', 'air', 201);
INSERT INTO public.ingredients VALUES ('receipt-25', '2', 'buah', 'daging sosis, potong-potong', 202);
INSERT INTO public.ingredients VALUES ('receipt-25', '', '~', 'minyak untuk menggoreng', 203);
INSERT INTO public.ingredients VALUES ('receipt-26', '250', 'gram', 'tepung ketan', 204);
INSERT INTO public.ingredients VALUES ('receipt-26', '100', 'gram', 'kelapa parut', 205);
INSERT INTO public.ingredients VALUES ('receipt-26', '2', 'btg', 'daun bawang, iris halus', 206);
INSERT INTO public.ingredients VALUES ('receipt-26', '2', 'btg', 'daun kemangi, iris halus', 207);
INSERT INTO public.ingredients VALUES ('receipt-26', '1/2', 'sdt', 'garam', 208);
INSERT INTO public.ingredients VALUES ('receipt-26', '1/4', 'sdt', 'merica', 209);
INSERT INTO public.ingredients VALUES ('receipt-26', '200', 'ml', 'air', 210);
INSERT INTO public.ingredients VALUES ('receipt-26', '', '~', 'minyak untuk menggoreng', 212);
INSERT INTO public.ingredients VALUES ('receipt-21', '200', 'gram', 'sayuran (wortel, kentang, buncis), rebus dan potong kecil-kecil', 439);
INSERT INTO public.ingredients VALUES ('receipt-21', '1', 'btr', 'telur, rebus dan potong kecil-kecil', 440);
INSERT INTO public.ingredients VALUES ('receipt-21', '1', 'sdt', 'garam', 441);
INSERT INTO public.ingredients VALUES ('receipt-21', '100', 'gram', 'tepung panir', 442);
INSERT INTO public.ingredients VALUES ('receipt-21', '', '~', 'minyak untuk menggoreng', 443);
INSERT INTO public.ingredients VALUES ('receipt-7', '500', 'gram', 'ubi jalar, kupas dan iris tipis', 344);
INSERT INTO public.ingredients VALUES ('receipt-7', '150', 'gram', 'tepung terigu', 345);
INSERT INTO public.ingredients VALUES ('receipt-7', '1/2', 'sdt', 'bawang putih bubuk', 346);
INSERT INTO public.ingredients VALUES ('receipt-7', '1/2', 'sdt', 'garam', 347);
INSERT INTO public.ingredients VALUES ('receipt-7', '1/4', 'sdt', 'merica', 348);
INSERT INTO public.ingredients VALUES ('receipt-26', '', '~', 'sayur oncom', 211);
INSERT INTO public.ingredients VALUES ('receipt-7', '150', 'ml', 'air', 349);
INSERT INTO public.ingredients VALUES ('receipt-7', '', '~', 'minyak untuk menggoreng', 350);
INSERT INTO public.ingredients VALUES ('receipt-10', '250', 'gram', 'tepung terigu', 617);
INSERT INTO public.ingredients VALUES ('receipt-10', '100', 'gram', 'mentega', 618);
INSERT INTO public.ingredients VALUES ('receipt-10', '50', 'gram', 'gula', 619);
INSERT INTO public.ingredients VALUES ('receipt-10', '1/2', 'sdt', 'garam', 620);
INSERT INTO public.ingredients VALUES ('receipt-10', '1', 'btr', 'telur', 621);
INSERT INTO public.ingredients VALUES ('receipt-10', '', '~', 'selai nanas', 622);
INSERT INTO public.ingredients VALUES ('receipt-10', '', '~', 'minyak untuk menggoreng', 623);
INSERT INTO public.ingredients VALUES ('recipe-tR_-C7uNPwg00p8b', '4', 'buah', 'Pisang Ambon', 433);
INSERT INTO public.ingredients VALUES ('recipe-tR_-C7uNPwg00p8b', '32', 'lembar', 'Kulit Lumpia', 434);
INSERT INTO public.ingredients VALUES ('recipe-tR_-C7uNPwg00p8b', '100', 'g', 'meises/coklat tabur', 435);
INSERT INTO public.ingredients VALUES ('recipe-tR_-C7uNPwg00p8b', '150', 'g', 'Keju cheddar', 436);
INSERT INTO public.ingredients VALUES ('recipe-tR_-C7uNPwg00p8b', '3', 'sdm', 'gula pasir', 437);


--
-- TOC entry 3778 (class 0 OID 28610)
-- Dependencies: 293
-- Data for Name: ratings; Type: TABLE DATA; Schema: public; Owner: postgres
--

INSERT INTO public.ratings VALUES (233, 'receipt-11', '@id_userEW3XETwzatHLUsLIhpdh8', 4, 'Cimol ini rasanya oke. Tidak terlalu pedas.', '2023-11-25 14:16:23.824+00');
INSERT INTO public.ratings VALUES (218, 'receipt-25', '@id_userBPqBoCh_xILbpXln474bD', 5, 'Resep sempol ini cukup oke', '2023-11-27 14:44:19.825+00');
INSERT INTO public.ratings VALUES (36, 'receipt-2', '@id_userBPqBoCh_xILbpXln474bD', 5, 'Cukup enak. Tempe mendoannya renyah, tapi agak terlalu gurih buat saya. Tetap mantap buat camilan sore.', '2023-11-29 17:24:09.548+00');
INSERT INTO public.ratings VALUES (241, 'receipt-1', '@id_userBPqBoCh_xILbpXln474bD', 1, 'b', '2023-12-11 15:33:33.102+00');
INSERT INTO public.ratings VALUES (30, 'receipt-1', '@id_userEW3XETwzatHLUsLIhpdh8', 5, 'Cireng pedas ini keren banget, guys! Pedesnya tuh nendang banget, enak buat cemilan sore. Aku jadi ketagihan.', '2023-12-15 15:56:14.495+00');
INSERT INTO public.ratings VALUES (64, 'receipt-6', '@id_userBPqBoCh_xILbpXln474bD', 4, 'Bakwan ini enak, renyahnya pas, sayurannya juga fresh. Dijamin bikin nagih!', '2022-07-17 12:12:04.903607+00');
INSERT INTO public.ratings VALUES (37, 'receipt-2', '@id_userEW3XETwzatHLUsLIhpdh8', 5, 'Tempe mendoannya super enak! Gurih dan renyah. Saya suka banget.', '2023-04-17 08:16:49.95134+00');
INSERT INTO public.ratings VALUES (44, 'receipt-3', '@id_userEW3XETwzatHLUsLIhpdh8', 5, 'Pisang gorengnya top, teksturnya renyah dan manis. Cocok buat teman minum teh.', '2022-09-27 11:54:34.310395+00');
INSERT INTO public.ratings VALUES (113, 'receipt-13', '@id_userBPqBoCh_xILbpXln474bD', 4, 'Tahu bulat ini biasa saja. Karena yang luar biasa adalah biasa di luar.', '2023-11-27 15:55:55.211+00');
INSERT INTO public.ratings VALUES (234, 'receipt-23', '@id_userBPqBoCh_xILbpXln474bD', 2, 'B aza', '2023-11-27 15:59:21.807+00');
INSERT INTO public.ratings VALUES (51, 'receipt-4', '@id_userEW3XETwzatHLUsLIhpdh8', 1, 'Wah, kentang gorengnya juara! Enak banget, teksturnya pas, dan gurih. Kakeknya bapaknya keponakanku suka!', '2023-11-29 17:41:47.735+00');
INSERT INTO public.ratings VALUES (251, 'receipt-4', '@id_userBPqBoCh_xILbpXln474bD', 5, 'mantap', '2023-12-15 23:35:00.277+00');
INSERT INTO public.ratings VALUES (79, 'receipt-8', '@id_userEW3XETwzatHLUsLIhpdh8', 5, 'Perkedel ini sempurna. Rasanya enak dan renyah. Bener-bener jadi favorit!', '2023-08-21 00:12:35.751238+00');
INSERT INTO public.ratings VALUES (86, 'receipt-9', '@id_userEW3XETwzatHLUsLIhpdh8', 5, 'Tahu isinya luar biasa. Enak, gurih, dan renyah. Suka banget jam rolexnya!', '2022-03-09 21:01:53.272263+00');
INSERT INTO public.ratings VALUES (93, 'receipt-10', '@id_userEW3XETwzatHLUsLIhpdh8', 5, 'Molen ini juara! Isiannya enak banget, bikin ketagihan.', '2022-10-12 16:47:45.597088+00');
INSERT INTO public.ratings VALUES (107, 'receipt-12', '@id_userEW3XETwzatHLUsLIhpdh8', 4, 'Cilor ini rasanya oke. Tidak terlalu pedas.', '2023-05-07 09:44:20.854875+00');
INSERT INTO public.ratings VALUES (114, 'receipt-13', '@id_userEW3XETwzatHLUsLIhpdh8', 4, 'Tahu bulat ini rasanya lezat. Saya suka.', '2022-11-11 04:28:35.819096+00');
INSERT INTO public.ratings VALUES (121, 'receipt-14', '@id_userEW3XETwzatHLUsLIhpdh8', 4, 'Rasa gorengan sukun ini enak. Saya suka.', '2022-01-12 05:05:50.772081+00');
INSERT INTO public.ratings VALUES (128, 'receipt-15', '@id_userEW3XETwzatHLUsLIhpdh8', 5, 'Saya suka sekali dengan apel goreng ini. Rasanya lezat.', '2023-03-21 13:39:53.61892+00');
INSERT INTO public.ratings VALUES (219, 'receipt-25', '@id_userEW3XETwzatHLUsLIhpdh8', 5, 'Sempol ayam ini sangat lezat. Cocok sebagai cemilan favorit saya.', '2022-09-28 21:03:15.57884+00');
INSERT INTO public.ratings VALUES (212, 'receipt-26', '@id_userEW3XETwzatHLUsLIhpdh8', 5, 'Combro ini sangat lezat. Cocok sebagai cemilan favorit saya.', '2023-01-16 13:06:39.878278+00');
INSERT INTO public.ratings VALUES (42, 'receipt-2', '@id_userk3a8NtJBKgCPSkPPSaBaA', 5, '', '2020-02-05 15:34:29.931276+00');
INSERT INTO public.ratings VALUES (49, 'receipt-3', '@id_userk3a8NtJBKgCPSkPPSaBaA', 5, '', '2019-04-26 03:37:42.625876+00');
INSERT INTO public.ratings VALUES (56, 'receipt-4', '@id_userk3a8NtJBKgCPSkPPSaBaA', 5, '', '2019-11-07 23:24:59.712474+00');
INSERT INTO public.ratings VALUES (63, 'receipt-5', '@id_userk3a8NtJBKgCPSkPPSaBaA', 5, '', '2020-04-06 13:18:33.323832+00');
INSERT INTO public.ratings VALUES (70, 'receipt-6', '@id_userk3a8NtJBKgCPSkPPSaBaA', 5, '', '2019-05-13 14:14:55.763999+00');
INSERT INTO public.ratings VALUES (77, 'receipt-7', '@id_userk3a8NtJBKgCPSkPPSaBaA', 5, '', '2019-03-05 04:52:13.563+00');
INSERT INTO public.ratings VALUES (84, 'receipt-8', '@id_userk3a8NtJBKgCPSkPPSaBaA', 5, '', '2020-11-22 20:06:18.898795+00');
INSERT INTO public.ratings VALUES (235, 'receipt-24', '@id_userBPqBoCh_xILbpXln474bD', 1, 'Gehu pedas ini pedas gehu', '2023-11-29 03:26:21.356+00');
INSERT INTO public.ratings VALUES (108, 'receipt-12', '@id_user3HceBhx_jIfB_Xd5_04MU', 2, 'Cilor biasa saja. Kurang gurih dan tidak terlalu istimewa.', '2023-12-14 03:04:49.853+00');
INSERT INTO public.ratings VALUES (142, 'receipt-16', '@id_userEW3XETwzatHLUsLIhpdh8', 5, 'Wah, roti bantal ini juara banget. Bikinnya gampang, rasanya enak, dan gurih. Suka banget deh!', '2022-07-28 01:15:04.063487+00');
INSERT INTO public.ratings VALUES (156, 'receipt-17', '@id_userEW3XETwzatHLUsLIhpdh8', 5, 'Wah, donat selai strawberry ini luar biasa! Manisnya pas, dan teksturnya lembut banget. Gak nyesel deh nyobain.', '2023-07-31 22:11:58.370385+00');
INSERT INTO public.ratings VALUES (163, 'receipt-18', '@id_userEW3XETwzatHLUsLIhpdh8', 5, 'Peyek teri ini enak banget! Crispy dan gurih. Cocok buat camilan.', '2022-12-08 05:03:28.595503+00');
INSERT INTO public.ratings VALUES (170, 'receipt-19', '@id_userEW3XETwzatHLUsLIhpdh8', 5, 'Onde-onde ini selalu jadi favorit saya. Rasanya luar biasa!', '2022-08-31 14:38:46.639665+00');
INSERT INTO public.ratings VALUES (177, 'receipt-20', '@id_userEW3XETwzatHLUsLIhpdh8', 5, 'Ote-ote ini selalu jadi favorit saya. Teksturnya renyah dan enak.', '2022-09-03 15:35:57.426973+00');
INSERT INTO public.ratings VALUES (184, 'receipt-21', '@id_userEW3XETwzatHLUsLIhpdh8', 5, 'Risol sayur ini selalu jadi favorit saya. Enak dan renyah.', '2022-08-20 05:56:14.422239+00');
INSERT INTO public.ratings VALUES (191, 'receipt-22', '@id_userEW3XETwzatHLUsLIhpdh8', 4, 'Dadar jagung ini enak. Saya suka rasanya.', '2023-02-26 16:11:35.704796+00');
INSERT INTO public.ratings VALUES (198, 'receipt-23', '@id_userEW3XETwzatHLUsLIhpdh8', 4, 'Peyek kacang ini enak. Saya suka rasanya.', '2022-02-24 22:38:51.383194+00');
INSERT INTO public.ratings VALUES (205, 'receipt-24', '@id_userEW3XETwzatHLUsLIhpdh8', 3, 'Rasanya terlalu pedas untuk saya. Tapi tetap enak.', '2022-12-19 04:29:11.982842+00');
INSERT INTO public.ratings VALUES (38, 'receipt-2', '@id_user3HceBhx_jIfB_Xd5_04MU', 4, 'Camilan yang oke. Tempe mendoannya renyah, meskipun agak gurih buat saya.', '2023-11-03 18:06:24.219847+00');
INSERT INTO public.ratings VALUES (45, 'receipt-3', '@id_user3HceBhx_jIfB_Xd5_04MU', 4, 'Pisang gorengnya oke sih, tapi mungkin bisa lebih gurih ya. Tapi tetap enak kok!', '2023-11-17 16:09:27.19925+00');
INSERT INTO public.ratings VALUES (52, 'receipt-4', '@id_user3HceBhx_jIfB_Xd5_04MU', 3, 'Kentang gorengnya lumayan enak, tapi kurang gurih menurutku. Tapi masih bisa dinikmati kok.', '2022-11-11 21:55:58.03694+00');
INSERT INTO public.ratings VALUES (59, 'receipt-5', '@id_user3HceBhx_jIfB_Xd5_04MU', 4, 'Rempeyek udang ini lumayan enak, gurihnya pas, tapi agak terlalu asin buatku. Lebih baiknya lagi nih, bisa lebih tidak nepotisme.', '2023-02-28 05:26:11.847186+00');
INSERT INTO public.ratings VALUES (66, 'receipt-6', '@id_user3HceBhx_jIfB_Xd5_04MU', 4, 'Bakwan ini oke, renyahnya pas, tapi mungkin sayurannya bisa lebih banyak. Selera saya sih lebih suka banyak sayuran.', '2023-01-12 20:35:02.247747+00');
INSERT INTO public.ratings VALUES (73, 'receipt-7', '@id_user3HceBhx_jIfB_Xd5_04MU', 3, 'Rasanya biasa aja sih, gak terlalu spesial. Tapi lumayan buat cemilan ringan.', '2023-03-09 16:54:58.169965+00');
INSERT INTO public.ratings VALUES (80, 'receipt-8', '@id_user3HceBhx_jIfB_Xd5_04MU', 4, 'Perkedelnya enak, meskipun kurang gurih. Tapi tetap lezat.', '2022-02-01 11:53:25.835053+00');
INSERT INTO public.ratings VALUES (87, 'receipt-9', '@id_user3HceBhx_jIfB_Xd5_04MU', 4, 'Tahu isinya oke, walaupun kurang gurih. Tapi tetap enak-an bansos', '2023-01-09 18:07:50.540016+00');
INSERT INTO public.ratings VALUES (94, 'receipt-10', '@id_user3HceBhx_jIfB_Xd5_04MU', 3, 'Molen biasa saja, tidak terlalu istimewa.', '2023-05-02 07:16:14.492326+00');
INSERT INTO public.ratings VALUES (101, 'receipt-11', '@id_user3HceBhx_jIfB_Xd5_04MU', 2, 'Cimol biasa saja. Kurang gurih dan tidak terlalu istimewa.', '2022-09-17 20:30:31.285272+00');
INSERT INTO public.ratings VALUES (43, 'receipt-3', '@id_userBPqBoCh_xILbpXln474bD', 5, 'Pisang goreng ini enak banget, rasanya pas, gurih diluar dan manis di dalam. Aku suka!', '2023-10-03 13:04:35.792003+00');
INSERT INTO public.ratings VALUES (57, 'receipt-5', '@id_userBPqBoCh_xILbpXln474bD', 5, 'Wah, rempeyek udang ini enak banget! Bener-bener kriuk-kriuk, udangnya juga gurih. Cocok buat camilan sambil nonton Debat Capres nih. Mantap!', '2023-05-22 23:25:37.714065+00');
INSERT INTO public.ratings VALUES (71, 'receipt-7', '@id_userBPqBoCh_xILbpXln474bD', 3, 'Ubi tepung goreng ini biasa aja. Gak terlalu istimewa menurut saya.', '2023-05-26 15:49:50.70294+00');
INSERT INTO public.ratings VALUES (78, 'receipt-8', '@id_userBPqBoCh_xILbpXln474bD', 4, 'Perkedelnya enak, gurih, dan renyah. Cocok buat cemilan.', '2022-11-15 09:18:00.047601+00');
INSERT INTO public.ratings VALUES (92, 'receipt-10', '@id_userBPqBoCh_xILbpXln474bD', 4, 'Molen-nya enak. Isiannya manis dan lezat.', '2022-08-01 02:50:41.953158+00');
INSERT INTO public.ratings VALUES (106, 'receipt-12', '@id_userBPqBoCh_xILbpXln474bD', 5, 'Cilor-nya enak banget! Gurih dan renyah.', '2023-02-09 05:01:57.597083+00');
INSERT INTO public.ratings VALUES (120, 'receipt-14', '@id_userBPqBoCh_xILbpXln474bD', 3, 'Gorengan sukun ini so-so saja. Tidak terlalu istimewa.', '2023-07-04 14:05:02.471202+00');
INSERT INTO public.ratings VALUES (127, 'receipt-15', '@id_userBPqBoCh_xILbpXln474bD', 4, 'Apel goreng ini enak banget. Manis dan renyah!', '2023-05-18 18:57:53.451219+00');
INSERT INTO public.ratings VALUES (141, 'receipt-16', '@id_userBPqBoCh_xILbpXln474bD', 4, 'Roti bantal ini enak banget, teksturnya lembut, dan rasanya manis.', '2023-03-12 09:57:17.184661+00');
INSERT INTO public.ratings VALUES (155, 'receipt-17', '@id_userBPqBoCh_xILbpXln474bD', 4, 'Donat selai strawberry ini enak banget. Rasanya manis dan sempurna, jadi bikin nagih.', '2022-11-25 13:03:54.245316+00');
INSERT INTO public.ratings VALUES (115, 'receipt-13', '@id_user3HceBhx_jIfB_Xd5_04MU', 4, 'Tahu bulat-nya enak. Cocok untuk camilan.', '2022-01-21 00:54:31.192423+00');
INSERT INTO public.ratings VALUES (122, 'receipt-14', '@id_user3HceBhx_jIfB_Xd5_04MU', 3, 'Gorengan sukun ini biasa saja. Tidak terlalu spesial.', '2023-05-09 05:55:28.865928+00');
INSERT INTO public.ratings VALUES (85, 'receipt-9', '@id_userBPqBoCh_xILbpXln474bD', 5, 'Tahu isinya enak dan gurih. Cocok banget buat camilan saat nonton sidang DPR sambil main candy crush.', '2023-11-27 14:49:31.476+00');
INSERT INTO public.ratings VALUES (129, 'receipt-15', '@id_user3HceBhx_jIfB_Xd5_04MU', 4, 'Apel goreng ini manis dan enak. Cocok sebagai cemilan.', '2022-05-16 13:49:20.92935+00');
INSERT INTO public.ratings VALUES (143, 'receipt-16', '@id_user3HceBhx_jIfB_Xd5_04MU', 4, 'Roti bantal ini lumayan, enaknya pas, dan bisa jadi teman ngemil.', '2023-03-09 10:06:11.347884+00');
INSERT INTO public.ratings VALUES (157, 'receipt-17', '@id_user3HceBhx_jIfB_Xd5_04MU', 4, 'Donat selai strawberry ini enak dan manisnya pas. Bener-bener rasanya cocok buat camilan.', '2022-12-29 20:50:16.070792+00');
INSERT INTO public.ratings VALUES (164, 'receipt-18', '@id_user3HceBhx_jIfB_Xd5_04MU', 4, 'Peyek teri ini lumayan enak. Cukup gurih dan renyah.', '2023-05-21 21:01:46.49142+00');
INSERT INTO public.ratings VALUES (162, 'receipt-18', '@id_userBPqBoCh_xILbpXln474bD', 5, 'Peyek teri ini so-so aja. Biasa-biasa aja rasanya.', '2023-11-27 15:02:57.019+00');
INSERT INTO public.ratings VALUES (244, 'recipe-ISzc4upbs3uWApe-', '@id_userUIjuDuhJ_QnJbdiA_z1F_', 5, 'Enak bangett cocok untuk pecinta makanan pedas 💯👍👍', '2023-12-15 13:33:20.059+00');
INSERT INTO public.ratings VALUES (171, 'receipt-19', '@id_user3HceBhx_jIfB_Xd5_04MU', 3, 'Onde-onde ini oke lah. Gula merahnya cukup manis.', '2022-09-15 15:47:14.119233+00');
INSERT INTO public.ratings VALUES (178, 'receipt-20', '@id_user3HceBhx_jIfB_Xd5_04MU', 3, 'Ote-ote ini oke lah. Sayurnya cukup gurih.', '2023-04-21 03:53:21.207705+00');
INSERT INTO public.ratings VALUES (185, 'receipt-21', '@id_user3HceBhx_jIfB_Xd5_04MU', 3, 'Risol sayur ini oke. Sayurnya cukup gurih.', '2022-03-06 10:55:04.312524+00');
INSERT INTO public.ratings VALUES (192, 'receipt-22', '@id_user3HceBhx_jIfB_Xd5_04MU', 4, 'Dadar jagung ini cukup lezat. Saya suka isian sayurnya.', '2023-10-21 07:41:33.456633+00');
INSERT INTO public.ratings VALUES (199, 'receipt-23', '@id_user3HceBhx_jIfB_Xd5_04MU', 4, 'Peyek kacang ini cukup lezat. Saya suka rasa kacangnya.', '2022-06-23 06:43:06.951577+00');
INSERT INTO public.ratings VALUES (206, 'receipt-24', '@id_user3HceBhx_jIfB_Xd5_04MU', 4, 'Gehu pedas ini lumayan enak. Pedasnya pas.', '2022-06-27 15:49:46.265101+00');
INSERT INTO public.ratings VALUES (220, 'receipt-25', '@id_user3HceBhx_jIfB_Xd5_04MU', 4, 'Sempol ayam ini lumayan enak. Rasanya enak dan cocok sebagai cemilan.', '2022-07-20 19:39:48.252615+00');
INSERT INTO public.ratings VALUES (213, 'receipt-26', '@id_user3HceBhx_jIfB_Xd5_04MU', 4, 'Combro ini lumayan enak. Rasanya enak dan cocok sebagai cemilan.', '2023-01-09 08:57:27.293332+00');
INSERT INTO public.ratings VALUES (32, 'receipt-1', '@id_user--E2er8FtN-4hyFIBgzfd', 3, 'Cireng pedas ini so-so aja buat aku. Gak terlalu terasa pedesnya sih. Mungkin butuh bumbu lebih nendang.', '2022-11-08 05:32:03.550764+00');
INSERT INTO public.ratings VALUES (39, 'receipt-2', '@id_user--E2er8FtN-4hyFIBgzfd', 2, 'Kurang suka. Tempe mendoannya terlalu gurih dan tidak begitu enak menurut saya.', '2022-07-15 12:12:46.00665+00');
INSERT INTO public.ratings VALUES (46, 'receipt-3', '@id_user--E2er8FtN-4hyFIBgzfd', 3, 'Pisang gorengnya biasa aja menurutku, rasanya standar, nggak ada yang istimewa.', '2022-04-16 22:44:44.237594+00');
INSERT INTO public.ratings VALUES (237, 'receipt-26', '@id_userBPqBoCh_xILbpXln474bD', 1, 'b aza', '2023-11-28 13:21:35.412+00');
INSERT INTO public.ratings VALUES (245, 'recipe-ISzc4upbs3uWApe-', '@id_userBPqBoCh_xILbpXln474bD', 1, 'b aza', '2023-12-15 17:50:13.759+00');
INSERT INTO public.ratings VALUES (183, 'receipt-21', '@id_userBPqBoCh_xILbpXln474bD', 4, 'Risol sayur ini lumayan enak. Isian sayurannya segar.', '2023-04-11 22:12:47.453691+00');
INSERT INTO public.ratings VALUES (190, 'receipt-22', '@id_userBPqBoCh_xILbpXln474bD', 3, 'Dadar jagung ini biasa saja, kurang gurih.', '2022-01-18 13:46:53.297757+00');
INSERT INTO public.ratings VALUES (53, 'receipt-4', '@id_user--E2er8FtN-4hyFIBgzfd', 2, 'Kentang gorengnya biasa aja, nggak ada yang istimewa menurutku.', '2022-05-04 00:41:50.327783+00');
INSERT INTO public.ratings VALUES (60, 'receipt-5', '@id_user--E2er8FtN-4hyFIBgzfd', 2, 'Agak kecewa sama rempeyek udang ini. Udangnya keras, gurihnya kurang, dan rasanya biasa aja. Boleh lebih baik cawapres diganti sama yang lain.', '2023-11-14 10:15:52.409646+00');
INSERT INTO public.ratings VALUES (67, 'receipt-6', '@id_user--E2er8FtN-4hyFIBgzfd', 2, 'Biasa aja sih, bakwan ini. Gak terlalu istimewa. Renyahnya biasa, sayurannya juga biasa. Mungkin butuh bumbu yang lebih enak.', '2022-12-09 04:13:58.885956+00');
INSERT INTO public.ratings VALUES (74, 'receipt-7', '@id_user--E2er8FtN-4hyFIBgzfd', 2, 'Kurang suka dengan ubi tepung goreng ini. Rasanya gak sepadan dengan kerjaannya bikin. Terlalu plain.', '2022-04-15 08:01:39.127679+00');
INSERT INTO public.ratings VALUES (81, 'receipt-8', '@id_user--E2er8FtN-4hyFIBgzfd', 2, 'Kurang suka perkedel ini. Rasanya biasa aja dan terlalu plain.', '2022-12-05 00:58:42.740083+00');
INSERT INTO public.ratings VALUES (88, 'receipt-9', '@id_user--E2er8FtN-4hyFIBgzfd', 2, 'Tahu isinya biasa aja. Tidak terlalu istimewa. Yang istimewa hanya merangkap jabatan', '2023-11-21 17:05:56.130919+00');
INSERT INTO public.ratings VALUES (95, 'receipt-10', '@id_user--E2er8FtN-4hyFIBgzfd', 2, 'Tidak suka molen ini. Isiannya kurang manis dan terlalu biasa.', '2023-01-03 20:07:04.169226+00');
INSERT INTO public.ratings VALUES (102, 'receipt-11', '@id_user--E2er8FtN-4hyFIBgzfd', 1, 'Tidak suka cimol ini. Terlalu hambar dan tidak enak.', '2022-03-12 20:17:25.059197+00');
INSERT INTO public.ratings VALUES (109, 'receipt-12', '@id_user--E2er8FtN-4hyFIBgzfd', 1, 'Tidak suka cilor ini. Terlalu hambar dan tidak enak.', '2023-06-01 00:23:59.562511+00');
INSERT INTO public.ratings VALUES (116, 'receipt-13', '@id_user--E2er8FtN-4hyFIBgzfd', 2, 'Saya tidak terlalu suka dengan tahu bulat ini. Rasanya kurang istimewa.', '2022-01-01 09:32:41.170245+00');
INSERT INTO public.ratings VALUES (123, 'receipt-14', '@id_user--E2er8FtN-4hyFIBgzfd', 2, 'Rasa gorengan sukun ini kurang memuaskan. Terlalu garing.', '2022-01-08 14:53:32.860444+00');
INSERT INTO public.ratings VALUES (130, 'receipt-15', '@id_user--E2er8FtN-4hyFIBgzfd', 2, 'Apel goreng ini terlalu manis buat saya. Tidak terlalu suka.', '2023-01-12 01:15:59.769263+00');
INSERT INTO public.ratings VALUES (144, 'receipt-16', '@id_user--E2er8FtN-4hyFIBgzfd', 3, 'Biasa saja, rasanya standar. Tidak ada yang istimewa. Bisa jadi camilan sehari-hari.', '2022-08-26 20:14:52.977699+00');
INSERT INTO public.ratings VALUES (158, 'receipt-17', '@id_user--E2er8FtN-4hyFIBgzfd', 3, 'Donatnya biasa saja, gak ada yang istimewa. Kurang greget rasanya.', '2023-05-03 07:41:15.680844+00');
INSERT INTO public.ratings VALUES (165, 'receipt-18', '@id_user--E2er8FtN-4hyFIBgzfd', 2, 'Kurang suka dengan peyek teri ini. Terlalu asin buat saya.', '2022-09-01 02:34:19.505392+00');
INSERT INTO public.ratings VALUES (172, 'receipt-19', '@id_user--E2er8FtN-4hyFIBgzfd', 2, 'Kurang suka dengan onde-onde ini. Isinya terlalu manis buat saya.', '2023-09-06 19:45:27.114111+00');
INSERT INTO public.ratings VALUES (179, 'receipt-20', '@id_user--E2er8FtN-4hyFIBgzfd', 2, 'Kurang suka dengan ote-ote ini. Sayurnya terlalu banyak.', '2023-09-08 23:59:54.82669+00');
INSERT INTO public.ratings VALUES (186, 'receipt-21', '@id_user--E2er8FtN-4hyFIBgzfd', 2, 'Kurang suka dengan risol sayur ini. Sayurnya terlalu banyak.', '2022-04-09 06:09:54.910819+00');
INSERT INTO public.ratings VALUES (193, 'receipt-22', '@id_user--E2er8FtN-4hyFIBgzfd', 2, 'Kurang suka dengan dadar jagung ini. Terlalu banyak jagung.', '2023-04-15 16:21:14.258635+00');
INSERT INTO public.ratings VALUES (200, 'receipt-23', '@id_user--E2er8FtN-4hyFIBgzfd', 2, 'Kurang suka dengan peyek kacang ini. Terlalu gurih.', '2023-08-17 13:17:41.147583+00');
INSERT INTO public.ratings VALUES (207, 'receipt-24', '@id_user--E2er8FtN-4hyFIBgzfd', 2, 'Saya kurang suka dengan gehu pedas ini. Terlalu pedas dan tidak cocok untuk saya.', '2022-06-18 07:15:06.745319+00');
INSERT INTO public.ratings VALUES (221, 'receipt-25', '@id_user--E2er8FtN-4hyFIBgzfd', 2, 'Saya kurang suka dengan sempol ayam ini. Rasanya biasa saja. Tidak cocok sebagai cemilan.', '2022-01-08 04:03:43.38261+00');
INSERT INTO public.ratings VALUES (214, 'receipt-26', '@id_user--E2er8FtN-4hyFIBgzfd', 2, 'Saya kurang suka dengan combro ini. Rasanya biasa saja. Tidak cocok sebagai cemilan.', '2023-04-07 13:47:50.684448+00');
INSERT INTO public.ratings VALUES (33, 'receipt-1', '@id_user52nNBdoEinsLnYkhzHPcX', 1, 'Cireng pedas ini kepedesan banget, bro! Buat aku terlalu kerasa pedesnya sampe gak bisa dinikmati.', '2022-06-07 17:16:17.034211+00');
INSERT INTO public.ratings VALUES (40, 'receipt-2', '@id_user52nNBdoEinsLnYkhzHPcX', 1, 'Gak enak banget. Tempe mendoannya keras dan terlalu gurih.', '2023-02-11 00:30:56.586997+00');
INSERT INTO public.ratings VALUES (208, 'receipt-24', '@id_user52nNBdoEinsLnYkhzHPcX', 1, 'Rasanya terlalu pedas dan tidak enak.', '2023-09-28 21:51:50.998708+00');
INSERT INTO public.ratings VALUES (222, 'receipt-25', '@id_user52nNBdoEinsLnYkhzHPcX', 1, 'Sempol ayam ini tidak enak. Tidak cocok sebagai cemilan.', '2022-10-24 07:56:39.959521+00');
INSERT INTO public.ratings VALUES (215, 'receipt-26', '@id_user52nNBdoEinsLnYkhzHPcX', 1, 'Combro ini tidak enak. Tidak cocok sebagai cemilan.', '2023-02-28 18:00:03.474195+00');
INSERT INTO public.ratings VALUES (69, 'receipt-6', '@id_userUIjuDuhJ_QnJbdiA_z1F_', 5, 'Bakwan ini juara, sambelnya juga pedas banget. Pokoknya gak nyesel nyobain.', '2023-08-02 04:55:14.899791+00');
INSERT INTO public.ratings VALUES (76, 'receipt-7', '@id_userUIjuDuhJ_QnJbdiA_z1F_', 4, 'Ubi tepung goreng ini enak, meskipun rasanya standar. Cocok buat cemilan sore.', '2023-09-12 19:10:49.172822+00');
INSERT INTO public.ratings VALUES (83, 'receipt-8', '@id_userUIjuDuhJ_QnJbdiA_z1F_', 4, 'Perkedelnya enak meskipun biasa aja. Cocok buat cemilan.', '2022-07-30 15:14:08.858959+00');
INSERT INTO public.ratings VALUES (90, 'receipt-9', '@id_userUIjuDuhJ_QnJbdiA_z1F_', 4, 'Tahu isinya oke, cocok buat camilan pas lagi demo di monas', '2022-03-24 15:16:09.45458+00');
INSERT INTO public.ratings VALUES (97, 'receipt-10', '@id_userUIjuDuhJ_QnJbdiA_z1F_', 4, 'Molen-nya oke lah. Tidak terlalu istimewa.', '2022-02-27 14:55:44.085709+00');
INSERT INTO public.ratings VALUES (104, 'receipt-11', '@id_userUIjuDuhJ_QnJbdiA_z1F_', 4, 'Cimol-nya lumayan enak. Pedasnya pas.', '2023-10-29 16:52:23.066128+00');
INSERT INTO public.ratings VALUES (111, 'receipt-12', '@id_userUIjuDuhJ_QnJbdiA_z1F_', 4, 'Cilor-nya lumayan enak. Pedasnya pas.', '2022-01-28 14:16:20.53676+00');
INSERT INTO public.ratings VALUES (118, 'receipt-13', '@id_userUIjuDuhJ_QnJbdiA_z1F_', 4, 'Rasa tahu bulat ini pas. Saya suka.', '2022-10-01 08:37:36.418438+00');
INSERT INTO public.ratings VALUES (125, 'receipt-14', '@id_userUIjuDuhJ_QnJbdiA_z1F_', 4, 'Rasa gorengan sukun ini cukup enak. Saya suka.', '2023-01-18 04:10:31.671774+00');
INSERT INTO public.ratings VALUES (132, 'receipt-15', '@id_userUIjuDuhJ_QnJbdiA_z1F_', 3, 'Apel goreng ini biasa saja. Terlalu manis buat saya.', '2023-06-30 06:19:27.158478+00');
INSERT INTO public.ratings VALUES (146, 'receipt-16', '@id_userUIjuDuhJ_QnJbdiA_z1F_', 5, 'Roti bantal ini luar biasa! Teksturnya lembut, rasa manisnya pas, dan toppingnya bikin nagih. Makin banyak, makin enak!', '2022-05-28 06:04:40.028349+00');
INSERT INTO public.ratings VALUES (160, 'receipt-17', '@id_userUIjuDuhJ_QnJbdiA_z1F_', 5, 'Donat selai strawberry ini bener-bener juara! Gak nahan buat ngunyah. Teksturnya pas, rasanya top.', '2023-06-20 23:34:21.752257+00');
INSERT INTO public.ratings VALUES (167, 'receipt-18', '@id_userUIjuDuhJ_QnJbdiA_z1F_', 4, 'Peyek teri ini gurih dan enak. Cocok sebagai camilan sambil nonton TV.', '2022-08-17 05:52:11.848574+00');
INSERT INTO public.ratings VALUES (174, 'receipt-19', '@id_userUIjuDuhJ_QnJbdiA_z1F_', 5, 'Onde-onde ini enak dan gurih. Cocok sebagai camilan.', '2023-10-24 21:59:33.619344+00');
INSERT INTO public.ratings VALUES (181, 'receipt-20', '@id_userUIjuDuhJ_QnJbdiA_z1F_', 5, 'Ote-ote ini enak dan cocok sebagai camilan.', '2023-07-10 04:16:52.59694+00');
INSERT INTO public.ratings VALUES (35, 'receipt-1', '@id_userk3a8NtJBKgCPSkPPSaBaA', 5, '', '2019-03-20 09:48:09.457658+00');
INSERT INTO public.ratings VALUES (58, 'receipt-5', '@id_userEW3XETwzatHLUsLIhpdh8', 4, 'Rempeyek udang ini enak, udangnya gurih, tapi mungkin bisa sedikit lebih pedas. Tapi jangan bawa keluarga ke kursi.', '2023-04-19 01:24:46.752282+00');
INSERT INTO public.ratings VALUES (65, 'receipt-6', '@id_userEW3XETwzatHLUsLIhpdh8', 5, 'Bakwan ini juara! Enak banget, sayurannya segar, dan pas banget sama sambelnya. Pokoknya top deh!', '2022-11-10 00:54:38.666114+00');
INSERT INTO public.ratings VALUES (72, 'receipt-7', '@id_userEW3XETwzatHLUsLIhpdh8', 4, 'Ubi tepung goreng ini cukup enak. Tapi mungkin bisa lebih gurih lagi.', '2022-03-04 07:07:13.691107+00');
INSERT INTO public.ratings VALUES (31, 'receipt-1', '@id_user3HceBhx_jIfB_Xd5_04MU', 4, 'Cireng pedasnya sih oke lah, pedesnya masih bisa dinikmati. Gak terlalu nekukin. Bagus buat temen-temen yang suka makan pedes.', '2022-11-28 03:08:53.65414+00');
INSERT INTO public.ratings VALUES (47, 'receipt-3', '@id_user52nNBdoEinsLnYkhzHPcX', 2, 'Jujur, aku nggak suka pisang goreng ini. Terlalu manis dan terlalu berminyak menurutku.', '2022-06-25 22:49:21.390164+00');
INSERT INTO public.ratings VALUES (54, 'receipt-4', '@id_user52nNBdoEinsLnYkhzHPcX', 2, 'Kentang goreng ini kebanyakan gurihnya, jadi nggak enak buatku. Lebih suka yang biasa.', '2022-11-08 19:16:41.690845+00');
INSERT INTO public.ratings VALUES (61, 'receipt-5', '@id_user52nNBdoEinsLnYkhzHPcX', 1, 'Nggak suka sama sekali. Rempeyek udang ini aneh banget rasanya. Udangnya keras dan aneh. Nggak bakal nyalon lagi deh.', '2023-06-28 06:17:31.585933+00');
INSERT INTO public.ratings VALUES (68, 'receipt-6', '@id_user52nNBdoEinsLnYkhzHPcX', 1, 'Nggak suka banget sama bakwan ini. Kenapa sayurannya dikasih terlalu banyak? Terlalu banyak wortel, kurang bakwannya.', '2022-10-20 05:44:31.278423+00');
INSERT INTO public.ratings VALUES (75, 'receipt-7', '@id_user52nNBdoEinsLnYkhzHPcX', 1, 'Ubi tepung goreng ini menurut saya gak enak sama sekali. Kurang gurih dan terlalu plain.', '2022-11-11 20:34:56.454971+00');
INSERT INTO public.ratings VALUES (82, 'receipt-8', '@id_user52nNBdoEinsLnYkhzHPcX', 1, 'Gak suka perkedel ini sama sekali. Terlalu plain dan gurihnya kurang.', '2022-03-30 04:12:09.310408+00');
INSERT INTO public.ratings VALUES (89, 'receipt-9', '@id_user52nNBdoEinsLnYkhzHPcX', 1, 'Tidak suka sama sekali. Tahu isinya tidak enak dan kurang gurih. Mending makan proyek menara BTS', '2023-07-23 03:43:47.53287+00');
INSERT INTO public.ratings VALUES (55, 'receipt-4', '@id_userUIjuDuhJ_QnJbdiA_z1F_', 4, 'Kentang gorengnya enak, tapi mungkin kurang sedikit bumbu. Tapi masih lumayan enak.', '2022-10-01 09:39:00.2917+00');
INSERT INTO public.ratings VALUES (62, 'receipt-5', '@id_userUIjuDuhJ_QnJbdiA_z1F_', 4, 'Rempeyek udang ini enak. Gurihnya pas, pedasnya pas, dan udangnya besar. Cuma mungkin bisa lebih ikhlas lagi ya.. kalau kalah.', '2023-05-16 16:22:32.783121+00');
INSERT INTO public.ratings VALUES (188, 'receipt-21', '@id_userUIjuDuhJ_QnJbdiA_z1F_', 5, 'Risol sayur ini enak dan cocok sebagai camilan.', '2023-01-16 18:33:57.475837+00');
INSERT INTO public.ratings VALUES (195, 'receipt-22', '@id_userUIjuDuhJ_QnJbdiA_z1F_', 3, 'Dadar jagung ini oke. Tapi terlalu banyak jagung.', '2023-07-04 19:45:33.748193+00');
INSERT INTO public.ratings VALUES (202, 'receipt-23', '@id_userUIjuDuhJ_QnJbdiA_z1F_', 3, 'Peyek kacang ini oke. Tapi terlalu gurih.', '2023-05-31 10:19:19.707849+00');
INSERT INTO public.ratings VALUES (209, 'receipt-24', '@id_userUIjuDuhJ_QnJbdiA_z1F_', 2, 'Gehu pedas ini tidak enak. Terlalu pedas.', '2023-10-08 06:51:50.299501+00');
INSERT INTO public.ratings VALUES (223, 'receipt-25', '@id_userUIjuDuhJ_QnJbdiA_z1F_', 2, 'Sempol ayam ini rasanya biasa saja. Tidak cocok sebagai cemilan.', '2023-04-11 18:25:41.798783+00');
INSERT INTO public.ratings VALUES (216, 'receipt-26', '@id_userUIjuDuhJ_QnJbdiA_z1F_', 2, 'Combro ini rasanya biasa saja. Tidak cocok sebagai cemilan.', '2022-08-25 12:51:53.919112+00');
INSERT INTO public.ratings VALUES (91, 'receipt-9', '@id_userk3a8NtJBKgCPSkPPSaBaA', 5, '', '2019-12-25 23:42:08.590845+00');
INSERT INTO public.ratings VALUES (98, 'receipt-10', '@id_userk3a8NtJBKgCPSkPPSaBaA', 5, '', '2019-11-29 12:34:36.996118+00');
INSERT INTO public.ratings VALUES (105, 'receipt-11', '@id_userk3a8NtJBKgCPSkPPSaBaA', 5, '', '2020-08-28 00:19:50.413913+00');
INSERT INTO public.ratings VALUES (112, 'receipt-12', '@id_userk3a8NtJBKgCPSkPPSaBaA', 5, '', '2019-03-19 08:56:30.571796+00');
INSERT INTO public.ratings VALUES (119, 'receipt-13', '@id_userk3a8NtJBKgCPSkPPSaBaA', 5, '', '2020-04-30 07:25:01.71409+00');
INSERT INTO public.ratings VALUES (126, 'receipt-14', '@id_userk3a8NtJBKgCPSkPPSaBaA', 5, '', '2019-11-11 05:07:12.777698+00');
INSERT INTO public.ratings VALUES (133, 'receipt-15', '@id_userk3a8NtJBKgCPSkPPSaBaA', 5, '', '2020-09-24 14:38:16.661509+00');
INSERT INTO public.ratings VALUES (147, 'receipt-16', '@id_userk3a8NtJBKgCPSkPPSaBaA', 5, '', '2020-09-29 07:27:57.114345+00');
INSERT INTO public.ratings VALUES (161, 'receipt-17', '@id_userk3a8NtJBKgCPSkPPSaBaA', 5, '', '2020-10-06 09:32:43.386873+00');
INSERT INTO public.ratings VALUES (168, 'receipt-18', '@id_userk3a8NtJBKgCPSkPPSaBaA', 5, '', '2020-05-20 13:51:51.614204+00');
INSERT INTO public.ratings VALUES (175, 'receipt-19', '@id_userk3a8NtJBKgCPSkPPSaBaA', 5, '', '2020-11-14 01:40:55.978622+00');
INSERT INTO public.ratings VALUES (182, 'receipt-20', '@id_userk3a8NtJBKgCPSkPPSaBaA', 5, '', '2020-08-09 18:56:23.176524+00');
INSERT INTO public.ratings VALUES (189, 'receipt-21', '@id_userk3a8NtJBKgCPSkPPSaBaA', 5, '', '2019-12-26 03:16:19.976038+00');
INSERT INTO public.ratings VALUES (196, 'receipt-22', '@id_userk3a8NtJBKgCPSkPPSaBaA', 5, '', '2019-01-30 05:21:11.701003+00');
INSERT INTO public.ratings VALUES (203, 'receipt-23', '@id_userk3a8NtJBKgCPSkPPSaBaA', 5, '', '2019-03-02 21:40:28.312308+00');
INSERT INTO public.ratings VALUES (210, 'receipt-24', '@id_userk3a8NtJBKgCPSkPPSaBaA', 5, '', '2020-08-13 07:32:19.489273+00');
INSERT INTO public.ratings VALUES (224, 'receipt-25', '@id_userk3a8NtJBKgCPSkPPSaBaA', 5, '', '2020-10-04 11:03:40.196424+00');
INSERT INTO public.ratings VALUES (217, 'receipt-26', '@id_userk3a8NtJBKgCPSkPPSaBaA', 5, 'Cemilan yang enak.', '2020-10-14 01:11:03.307456+00');
INSERT INTO public.ratings VALUES (232, 'receipt-11', '@id_userBPqBoCh_xILbpXln474bD', 1, 'Cimol apa kpk, ketuanya sendiri korupsi', '2023-11-28 12:59:14.461+00');
INSERT INTO public.ratings VALUES (96, 'receipt-10', '@id_user52nNBdoEinsLnYkhzHPcX', 1, 'Molen ini sangat mengecewakan. Tidak enak sama sekali.', '2022-02-11 08:13:10.1199+00');
INSERT INTO public.ratings VALUES (103, 'receipt-11', '@id_user52nNBdoEinsLnYkhzHPcX', 2, 'Cimol ini terlalu pedas. Tidak bisa saya makan.', '2022-08-17 07:20:10.45948+00');
INSERT INTO public.ratings VALUES (110, 'receipt-12', '@id_user52nNBdoEinsLnYkhzHPcX', 2, 'Cilor ini terlalu pedas. Tidak bisa saya makan.', '2022-08-09 09:36:34.427599+00');
INSERT INTO public.ratings VALUES (117, 'receipt-13', '@id_user52nNBdoEinsLnYkhzHPcX', 1, 'Tahu bulat ini terlalu garing dan tidak enak.', '2023-10-10 06:41:53.50736+00');
INSERT INTO public.ratings VALUES (124, 'receipt-14', '@id_user52nNBdoEinsLnYkhzHPcX', 1, 'Saya tidak suka dengan gorengan sukun ini. Terlalu keras.', '2022-03-31 12:56:30.977149+00');
INSERT INTO public.ratings VALUES (131, 'receipt-15', '@id_user52nNBdoEinsLnYkhzHPcX', 1, 'Saya tidak suka dengan apel goreng ini. Terlalu manis dan berminyak.', '2023-08-17 15:14:46.604157+00');
INSERT INTO public.ratings VALUES (145, 'receipt-16', '@id_user52nNBdoEinsLnYkhzHPcX', 2, 'Jujur, saya kurang suka dengan roti bantal ini. Terlalu manis dan teksturnya aneh. Tidak cocok bagi saya.', '2022-05-02 17:25:29.800484+00');
INSERT INTO public.ratings VALUES (159, 'receipt-17', '@id_user52nNBdoEinsLnYkhzHPcX', 2, 'Menurut saya, donat selai strawberry ini terlalu manis dan gak sebanding sama rasanya.', '2023-04-08 17:20:20.277848+00');
INSERT INTO public.ratings VALUES (166, 'receipt-18', '@id_user52nNBdoEinsLnYkhzHPcX', 1, 'Peyek teri ini rasanya terlalu asin dan kurang enak. Tidak cocok di lidah saya.', '2023-04-21 16:30:20.061708+00');
INSERT INTO public.ratings VALUES (173, 'receipt-19', '@id_user52nNBdoEinsLnYkhzHPcX', 4, 'Onde-onde ini biasa saja. Tidak terlalu istimewa.', '2023-05-01 01:58:08.332176+00');
INSERT INTO public.ratings VALUES (180, 'receipt-20', '@id_user52nNBdoEinsLnYkhzHPcX', 1, 'Ote-ote ini terlalu berminyak dan tidak enak.', '2022-03-01 09:31:56.387836+00');
INSERT INTO public.ratings VALUES (187, 'receipt-21', '@id_user52nNBdoEinsLnYkhzHPcX', 1, 'Risol sayur ini terlalu berminyak dan tidak enak.', '2022-10-28 10:50:58.519951+00');
INSERT INTO public.ratings VALUES (194, 'receipt-22', '@id_user52nNBdoEinsLnYkhzHPcX', 1, 'Dadar jagung ini terlalu berminyak dan tidak enak.', '2022-01-28 02:50:44.418938+00');
INSERT INTO public.ratings VALUES (201, 'receipt-23', '@id_user52nNBdoEinsLnYkhzHPcX', 1, 'Peyek kacang ini terlalu keras dan tidak enak.', '2023-10-02 00:31:56.836707+00');
INSERT INTO public.ratings VALUES (34, 'receipt-1', '@id_userUIjuDuhJ_QnJbdiA_z1F_', 4, 'Cireng pedas ini oke, bro! Pedesnya ngejuara, mantap buat yang suka makanan pedes.', '2022-08-22 16:37:48.730241+00');
INSERT INTO public.ratings VALUES (41, 'receipt-2', '@id_userUIjuDuhJ_QnJbdiA_z1F_', 4, 'Camilan yang lumayan. Tempe mendoannya renyah dan gurih.', '2022-03-20 01:10:55.269531+00');
INSERT INTO public.ratings VALUES (48, 'receipt-3', '@id_userUIjuDuhJ_QnJbdiA_z1F_', 4, 'Pisang gorengnya enak, walaupun mungkin agak berminyak. Tapi aku suka gurihnya.', '2022-10-30 17:16:40.949508+00');


--
-- TOC entry 3775 (class 0 OID 28585)
-- Dependencies: 290
-- Data for Name: recipes; Type: TABLE DATA; Schema: public; Owner: postgres
--

INSERT INTO public.recipes VALUES ('receipt-1', '@id_user52nNBdoEinsLnYkhzHPcX', 'Cireng Pedas', 'aci', 'https://kcdozmuijfkbhixjccgw.supabase.co/storage/v1/object/public/gorenganindonesia/recipe/cireng.jpg', 'Mudah', 3, 30, 3.3, 'recipe/cireng.jpg', 3);
INSERT INTO public.recipes VALUES ('receipt-24', '@id_userUIjuDuhJ_QnJbdiA_z1F_', 'Gehu Pedas', 'kedelai', 'https://kcdozmuijfkbhixjccgw.supabase.co/storage/v1/object/public/gorenganindonesia/recipe/gehu_pedas.jpg', 'Sedang', 4, 45, 2.6, 'recipe/gehu_pedas.jpg', 11);
INSERT INTO public.recipes VALUES ('receipt-3', '@id_user--E2er8FtN-4hyFIBgzfd', 'Pisang Goreng', 'buah', 'https://kcdozmuijfkbhixjccgw.supabase.co/storage/v1/object/public/gorenganindonesia/recipe/pisang_goreng.jpg', 'Mudah', 10, 30, 4, 'recipe/pisang_goreng.jpg', 11);
INSERT INTO public.recipes VALUES ('recipe-ISzc4upbs3uWApe-', '@id_userUIjuDuhJ_QnJbdiA_z1F_', 'Cipak Koceak Keju Lumer', 'aci', 'https://kcdozmuijfkbhixjccgw.supabase.co/storage/v1/object/public/gorenganindonesia/recipe/20231215_13:32:07__MGzmM.jpeg', 'mudah', 4, 30, 3, 'recipe/20231215_13:32:07__MGzmM.jpeg', 5);
INSERT INTO public.recipes VALUES ('receipt-25', '@id_userEW3XETwzatHLUsLIhpdh8', 'Sempol Chicken', 'aci', 'https://kcdozmuijfkbhixjccgw.supabase.co/storage/v1/object/public/gorenganindonesia/recipe/sempol.png', 'Mudah', 4, 45, 3.3, 'recipe/sempol.png', 6);
INSERT INTO public.recipes VALUES ('receipt-23', '@id_user--E2er8FtN-4hyFIBgzfd', 'Peyek Kacang', 'buah', 'https://kcdozmuijfkbhixjccgw.supabase.co/storage/v1/object/public/gorenganindonesia/recipe/peyek_kacang.jpg', 'Mudah', 4, 45, 3, 'recipe/peyek_kacang.jpg', 10);
INSERT INTO public.recipes VALUES ('receipt-26', '@id_userEW3XETwzatHLUsLIhpdh8', 'Combro', 'isian sayur', 'https://kcdozmuijfkbhixjccgw.supabase.co/storage/v1/object/public/gorenganindonesia/recipe/combro.jpg', 'Mudah', 4, 45, 2.9, 'recipe/combro.jpg', 6);
INSERT INTO public.recipes VALUES ('receipt-12', '@id_user52nNBdoEinsLnYkhzHPcX', 'Cilor', 'aci', 'https://kcdozmuijfkbhixjccgw.supabase.co/storage/v1/object/public/gorenganindonesia/recipe/cilor.jpg', 'Sedang', 3, 45, 3.3, 'recipe/cilor.jpg', 9);
INSERT INTO public.recipes VALUES ('receipt-2', '@id_userUIjuDuhJ_QnJbdiA_z1F_', 'Tempe Mendoan', 'kedelai', 'https://kcdozmuijfkbhixjccgw.supabase.co/storage/v1/object/public/gorenganindonesia/recipe/mendoan.jpg', 'Mudah', 6, 30, 3.7, 'recipe/mendoan.jpg', 6);
INSERT INTO public.recipes VALUES ('receipt-4', '@id_user--E2er8FtN-4hyFIBgzfd', 'Kentang Goreng', 'kentang', 'https://kcdozmuijfkbhixjccgw.supabase.co/storage/v1/object/public/gorenganindonesia/recipe/kentang_goreng_pedas.jpg', 'Sedang', 40, 45, 3.1, 'recipe/kentang_goreng_pedas.jpg', 24);
INSERT INTO public.recipes VALUES ('receipt-5', '@id_user52nNBdoEinsLnYkhzHPcX', 'Rempeyek Shrimp', 'ikan', 'https://kcdozmuijfkbhixjccgw.supabase.co/storage/v1/object/public/gorenganindonesia/recipe/peyek_udang.jpg', 'Sedang', 20, 45, 3.6, 'recipe/peyek_udang.jpg', 14);
INSERT INTO public.recipes VALUES ('receipt-8', '@id_userEW3XETwzatHLUsLIhpdh8', 'Perkedel', 'kentang', 'https://kcdozmuijfkbhixjccgw.supabase.co/storage/v1/object/public/gorenganindonesia/recipe/perkedel.jpg', 'Sedang', 7, 40, 3.6, 'recipe/perkedel.jpg', 7);
INSERT INTO public.recipes VALUES ('recipe-tR_-C7uNPwg00p8b', '@id_userEW3XETwzatHLUsLIhpdh8', 'Pisang Aroma Cokelat Keju', 'Manis', 'https://kcdozmuijfkbhixjccgw.supabase.co/storage/v1/object/public/gorenganindonesia/recipe/20231215_14:23:20__IFBfR.jpeg', 'Mudah', 32, 60, 0, 'recipe/20231215_14:23:20__IFBfR.jpeg', 7);
INSERT INTO public.recipes VALUES ('receipt-16', '@id_userk3a8NtJBKgCPSkPPSaBaA', 'Roti Bantal Tidur', 'manis', 'https://kcdozmuijfkbhixjccgw.supabase.co/storage/v1/object/public/gorenganindonesia/recipe/roti_bantal.jpg', 'Mudah', 4, 30, 4, 'recipe/roti_bantal.jpg', 8);
INSERT INTO public.recipes VALUES ('receipt-19', '@id_userEW3XETwzatHLUsLIhpdh8', 'Onde-Onde', 'manis', 'https://kcdozmuijfkbhixjccgw.supabase.co/storage/v1/object/public/gorenganindonesia/recipe/onde_onde.jpg', 'Mudah', 20, 60, 4, 'recipe/onde_onde.jpg', 14);
INSERT INTO public.recipes VALUES ('receipt-9', '@id_userEW3XETwzatHLUsLIhpdh8', 'Tahu Isi Harapan Rakyat', 'kedelai', 'https://kcdozmuijfkbhixjccgw.supabase.co/storage/v1/object/public/gorenganindonesia/recipe/tahu_isi.jpg', 'Mudah', 8, 30, 3.6, 'recipe/tahu_isi.jpg', 2);
INSERT INTO public.recipes VALUES ('receipt-6', '@id_userUIjuDuhJ_QnJbdiA_z1F_', 'Bakwan Sahabat Kolesterol', 'isian sayur', 'https://kcdozmuijfkbhixjccgw.supabase.co/storage/v1/object/public/gorenganindonesia/recipe/bakwan.jpg', 'Mudah', 10, 40, 3.7, 'recipe/bakwan.jpg', 13);
INSERT INTO public.recipes VALUES ('receipt-10', '@id_userBPqBoCh_xILbpXln474bD', 'Molen Banteng', 'Manis', 'https://kcdozmuijfkbhixjccgw.supabase.co/storage/v1/object/public/gorenganindonesia/recipe/molen.jpg', 'Mudah', 10, 15, 3.4, 'recipe/molen.jpg', 13);
INSERT INTO public.recipes VALUES ('receipt-7', '@id_user3HceBhx_jIfB_Xd5_04MU', 'Ubi Jalar Tepung', 'Manis', 'https://kcdozmuijfkbhixjccgw.supabase.co/storage/v1/object/public/gorenganindonesia/recipe/ubi_jalar.jpg', 'Mudah', 5, 40, 3.1, 'recipe/ubi_jalar.jpg', 3);
INSERT INTO public.recipes VALUES ('receipt-13', '@id_user52nNBdoEinsLnYkhzHPcX', 'Tahu Bulat Digoreng Dadakan', 'kedelai', 'https://kcdozmuijfkbhixjccgw.supabase.co/storage/v1/object/public/gorenganindonesia/recipe/tahu_bulat.jpg', 'Sedang', 3, 30, 3.3, 'recipe/tahu_bulat.jpg', 13);
INSERT INTO public.recipes VALUES ('receipt-14', '@id_user52nNBdoEinsLnYkhzHPcX', 'Sukun', 'buah', 'https://kcdozmuijfkbhixjccgw.supabase.co/storage/v1/object/public/gorenganindonesia/recipe/sukun.jpg', 'Mudah', 2, 45, 3.1, 'recipe/sukun.jpg', 10);
INSERT INTO public.recipes VALUES ('receipt-15', '@id_userk3a8NtJBKgCPSkPPSaBaA', 'Apel Goreng Pak Newton', 'buah', 'https://kcdozmuijfkbhixjccgw.supabase.co/storage/v1/object/public/gorenganindonesia/recipe/apel_goreng.jpg', 'Mudah', 4, 30, 3.4, 'recipe/apel_goreng.jpg', 4);
INSERT INTO public.recipes VALUES ('receipt-17', '@id_user3HceBhx_jIfB_Xd5_04MU', 'Donat Strawberry', 'manis', 'https://kcdozmuijfkbhixjccgw.supabase.co/storage/v1/object/public/gorenganindonesia/recipe/donat_strawberry.jpg', 'Sedang', 12, 60, 4, 'recipe/donat_strawberry.jpg', 4);
INSERT INTO public.recipes VALUES ('receipt-18', '@id_userk3a8NtJBKgCPSkPPSaBaA', 'Peyek Teri', 'ikan', 'https://kcdozmuijfkbhixjccgw.supabase.co/storage/v1/object/public/gorenganindonesia/recipe/peyek_teri.jpg', 'Mudah', 4, 45, 3.4, 'recipe/peyek_teri.jpg', 5);
INSERT INTO public.recipes VALUES ('receipt-21', '@id_userBPqBoCh_xILbpXln474bD', 'Risol', 'Isian Sayur', 'https://kcdozmuijfkbhixjccgw.supabase.co/storage/v1/object/public/gorenganindonesia/recipe/risol_sayur.jpg', 'Mudah', 12, 60, 3.6, 'recipe/risol_sayur.jpg', 4);
INSERT INTO public.recipes VALUES ('receipt-22', '@id_userk3a8NtJBKgCPSkPPSaBaA', 'Dadar Jagung', 'isian sayur', 'https://kcdozmuijfkbhixjccgw.supabase.co/storage/v1/object/public/gorenganindonesia/recipe/dadar_jagung.jpg', 'Mudah', 4, 45, 3.1, 'recipe/dadar_jagung.jpg', 5);
INSERT INTO public.recipes VALUES ('receipt-11', '@id_userEW3XETwzatHLUsLIhpdh8', 'Cimol', 'aci', 'https://kcdozmuijfkbhixjccgw.supabase.co/storage/v1/object/public/gorenganindonesia/recipe/cimol.jpg', 'Mudah', 5, 40, 2.7, 'recipe/cimol.jpg', 12);
INSERT INTO public.recipes VALUES ('receipt-20', '@id_user52nNBdoEinsLnYkhzHPcX', 'Ote-Ote', 'isian sayur', 'https://kcdozmuijfkbhixjccgw.supabase.co/storage/v1/object/public/gorenganindonesia/recipe/ote_ote.jpg', 'Mudah', 4, 45, 3.6, 'recipe/ote_ote.jpg', 16);


--
-- TOC entry 3779 (class 0 OID 28628)
-- Dependencies: 294
-- Data for Name: steps; Type: TABLE DATA; Schema: public; Owner: postgres
--

INSERT INTO public.steps VALUES ('recipe-ISzc4upbs3uWApe-', 1, 'Cincang bawang putih, iris tipis daun jeruk. Tumis sampai wangi. Sisihkan', 236);
INSERT INTO public.steps VALUES ('recipe-ISzc4upbs3uWApe-', 2, 'Siapkan seluruh bahan cipak dan masukan air sedikit demi sedikit.', 237);
INSERT INTO public.steps VALUES ('recipe-ISzc4upbs3uWApe-', 3, 'Lalu, aduk adonan cipak sampai kalis dan bisa dibentuk.', 238);
INSERT INTO public.steps VALUES ('recipe-ISzc4upbs3uWApe-', 4, 'Bentuk adonan cipak menjadi bulat lalu isi adonan cipak dengan potongan keju Quick Melt yang sudah dipipihkan.', 239);
INSERT INTO public.steps VALUES ('receipt-1', 1, 'Campur tepung kanji, tepung terigu, bawang putih, garam, gula, dan kaldu ayam bubuk (jika digunakan) dalam mangkuk besar.', 5);
INSERT INTO public.steps VALUES ('receipt-1', 2, 'Tambahkan air perlahan-lahan sambil terus diaduk hingga membentuk adonan yang kental dan elastis. Pastikan tidak ada gumpalan.', 6);
INSERT INTO public.steps VALUES ('receipt-1', 3, 'Bentuk adonan menjadi silinder panjang dan potong-potong menjadi bagian berukuran sekitar 5 cm.', 7);
INSERT INTO public.steps VALUES ('receipt-1', 4, 'Panaskan minyak dalam wajan hingga cukup panas. Goreng cireng hingga kecokelatan dan mengembang, sekitar 4-5 menit.', 8);
INSERT INTO public.steps VALUES ('receipt-1', 5, 'Angkat cireng dan tiriskan di atas tisu dapur untuk menghilangkan kelebihan minyak.', 9);
INSERT INTO public.steps VALUES ('receipt-1', 6, 'Untuk bumbu pedas manis (opsional), campur semua bahan bumbu dalam mangkuk kecil dan aduk rata.', 10);
INSERT INTO public.steps VALUES ('receipt-1', 7, 'Celupkan cireng dalam bumbu pedas manis atau sajikan bumbu tersebut sebagai saus.', 11);
INSERT INTO public.steps VALUES ('receipt-2', 1, 'Campur tepung terigu, tepung beras, merica bubuk, dan garam dalam mangkuk.', 12);
INSERT INTO public.steps VALUES ('receipt-2', 2, 'Tambahkan air es ke dalam campuran tepung sambil terus diaduk hingga membentuk adonan yang kental.', 13);
INSERT INTO public.steps VALUES ('receipt-2', 3, 'Celupkan potongan tempe ke dalam adonan tepung.', 14);
INSERT INTO public.steps VALUES ('receipt-2', 4, 'Panaskan minyak dalam wajan dan goreng tempe yang telah dicelupkan ke dalam adonan tepung hingga kecokelatan dan renyah, sekitar 3-5 menit.', 15);
INSERT INTO public.steps VALUES ('receipt-3', 1, 'Kupas pisang dan potong sesuai selera.', 16);
INSERT INTO public.steps VALUES ('receipt-3', 2, 'Campur tepung terigu, tepung beras, garam, gula, dan air hingga membentuk adonan yang kental dan melekat pada pisang.', 17);
INSERT INTO public.steps VALUES ('receipt-3', 3, 'Panaskan minyak dalam wajan hingga cukup panas.', 18);
INSERT INTO public.steps VALUES ('receipt-3', 4, 'Celupkan potongan pisang ke dalam adonan tepung dan goreng hingga kecokelatan, sekitar 3-5 menit.', 19);
INSERT INTO public.steps VALUES ('receipt-3', 5, 'Angkat pisang goreng dan tiriskan di atas tisu dapur untuk menghilangkan kelebihan minyak.', 20);
INSERT INTO public.steps VALUES ('receipt-4', 1, 'Kupas kentang dan potong sesuai selera.', 21);
INSERT INTO public.steps VALUES ('receipt-4', 2, 'Campurkan tepung terigu, merica bubuk, garam, dan bawang putih bubuk dalam mangkuk.', 22);
INSERT INTO public.steps VALUES ('receipt-4', 3, 'Celupkan potongan kentang ke dalam adonan tepung hingga rata.', 23);
INSERT INTO public.steps VALUES ('receipt-4', 4, 'Panaskan minyak dalam wajan hingga cukup panas.', 24);
INSERT INTO public.steps VALUES ('receipt-4', 5, 'Goreng kentang hingga kecokelatan dan renyah, sekitar 5-7 menit.', 25);
INSERT INTO public.steps VALUES ('receipt-4', 6, 'Tiriskan kentang goreng di atas tisu dapur untuk menghilangkan kelebihan minyak.', 26);
INSERT INTO public.steps VALUES ('receipt-4', 7, 'Sajikan kentang goreng dengan saus pedas sebagai pelengkap.', 27);
INSERT INTO public.steps VALUES ('receipt-16', 4, 'Panaskan minyak dalam wajan hingga cukup panas.', 28);
INSERT INTO public.steps VALUES ('receipt-5', 1, 'Campur tepung beras, tepung terigu, udang, air, bawang putih, garam, gula, dan kaldu bubuk dalam mangkuk hingga membentuk adonan yang kental dan melekat pada udang.', 29);
INSERT INTO public.steps VALUES ('receipt-5', 2, 'Panaskan minyak dalam wajan hingga cukup panas.', 30);
INSERT INTO public.steps VALUES ('receipt-5', 3, 'Celupkan udang ke dalam adonan tepung dan goreng hingga kecokelatan, sekitar 3-5 menit.', 31);
INSERT INTO public.steps VALUES ('receipt-5', 4, 'Angkat peyek udang dan tiriskan di atas tisu dapur untuk menghilangkan kelebihan minyak.', 32);
INSERT INTO public.steps VALUES ('receipt-6', 1, 'Campur tepung terigu, air, bawang putih, garam, gula, kaldu bubuk, dan garam dalam mangkuk hingga membentuk adonan yang kental.', 33);
INSERT INTO public.steps VALUES ('receipt-6', 2, 'Tambahkan tauge, wortel, kol, dan daun bawang ke dalam adonan. Aduk rata.', 34);
INSERT INTO public.steps VALUES ('receipt-6', 3, 'Panaskan minyak dalam wajan hingga cukup panas.', 35);
INSERT INTO public.steps VALUES ('receipt-6', 4, 'Ambil satu sendok sayur adonan dan goreng hingga kecokelatan, sekitar 3-5 menit.', 36);
INSERT INTO public.steps VALUES ('receipt-6', 5, 'Angkat bakwan dan tiriskan di atas tisu dapur untuk menghilangkan kelebihan minyak.', 37);
INSERT INTO public.steps VALUES ('recipe-ISzc4upbs3uWApe-', 5, 'Setelah diisi dengan keju, pipihkan adonan cipak dan goreng di minyak dengan api kecil.', 240);
INSERT INTO public.steps VALUES ('recipe-ISzc4upbs3uWApe-', 6, 'Kemudian, masak cipak hingga permukaannya sudah mulai kering atau kaku. Tiriskan.', 241);
INSERT INTO public.steps VALUES ('recipe-ISzc4upbs3uWApe-', 7, 'Setelah diangkat, beri bahan-bahan bumbu pedas, lalu aduk dan tambahkan minyak bawang sesuai selera. Cipak Koceak kering siap dihidangkan.', 242);
INSERT INTO public.steps VALUES ('receipt-8', 1, 'Kupas kentang dan rebus hingga empuk. Haluskan kentang yang sudah direbus.', 43);
INSERT INTO public.steps VALUES ('receipt-8', 2, 'Campurkan kentang yang sudah dihaluskan, daging ayam cincang, bawang putih, bawang merah, telur, garam, merica, dan penyedap rasa dalam mangkuk hingga merata.', 44);
INSERT INTO public.steps VALUES ('receipt-8', 3, 'Bentuk adonan menjadi bulatan dan pipihkan.', 45);
INSERT INTO public.steps VALUES ('receipt-8', 4, 'Panaskan minyak dalam wajan hingga cukup panas.', 46);
INSERT INTO public.steps VALUES ('receipt-8', 5, 'Goreng perkedel hingga kecokelatan, sekitar 3-5 menit di setiap sisi.', 47);
INSERT INTO public.steps VALUES ('receipt-8', 6, 'Angkat perkedel dan tiriskan di atas tisu dapur untuk menghilangkan kelebihan minyak.', 48);
INSERT INTO public.steps VALUES ('receipt-9', 1, 'Potong tahu menjadi kotak-kotak kecil.', 49);
INSERT INTO public.steps VALUES ('receipt-9', 2, 'Campurkan tepung terigu, bawang putih bubuk, garam, merica, dan air hingga membentuk adonan yang kental.', 50);
INSERT INTO public.steps VALUES ('receipt-9', 3, 'Buka lubang di setiap potongan tahu dan isi dengan adonan.', 51);
INSERT INTO public.steps VALUES ('receipt-9', 4, 'Panaskan minyak dalam wajan hingga cukup panas.', 52);
INSERT INTO public.steps VALUES ('receipt-9', 5, 'Goreng tahu hingga kecokelatan dan renyah, sekitar 3-5 menit.', 53);
INSERT INTO public.steps VALUES ('receipt-9', 6, 'Angkat tahu isi dan tiriskan di atas tisu dapur untuk menghilangkan kelebihan minyak.', 54);
INSERT INTO public.steps VALUES ('receipt-10', 1, 'Goreng molen hingga kecokelatan, sekitar 3-5 menit.', 321);
INSERT INTO public.steps VALUES ('receipt-10', 2, 'Angkat molen dan tiriskan di atas tisu dapur untuk menghilangkan kelebihan minyak.', 322);
INSERT INTO public.steps VALUES ('receipt-11', 1, 'Campurkan tepung terigu, garam, gula, bawang putih bubuk, bawang merah, daun bawang, dan air dalam mangkuk hingga membentuk adonan kalis.', 62);
INSERT INTO public.steps VALUES ('receipt-11', 2, 'Ambil sebagian adonan dan bulatkan seperti bakso kecil. Ulangi hingga adonan habis.', 63);
INSERT INTO public.steps VALUES ('receipt-11', 3, 'Panaskan minyak dalam wajan hingga cukup panas.', 64);
INSERT INTO public.steps VALUES ('receipt-11', 4, 'Goreng cimol hingga kecokelatan dan renyah, sekitar 3-5 menit.', 65);
INSERT INTO public.steps VALUES ('receipt-11', 5, 'Angkat cimol dan tiriskan di atas tisu dapur untuk menghilangkan kelebihan minyak.', 66);
INSERT INTO public.steps VALUES ('receipt-12', 1, 'Campurkan tepung kanji, tepung terigu, garam, gula, bawang putih bubuk, bawang merah, daun bawang, dan air dalam mangkuk hingga membentuk adonan kalis.', 67);
INSERT INTO public.steps VALUES ('receipt-12', 2, 'Bentuk adonan tipis seperti kulit lumpia.', 68);
INSERT INTO public.steps VALUES ('receipt-12', 3, 'Letakkan sepotong telur ayam di atas kulit lumpia dan bungkus rapi.', 69);
INSERT INTO public.steps VALUES ('receipt-12', 4, 'Panaskan minyak dalam wajan hingga cukup panas.', 70);
INSERT INTO public.steps VALUES ('receipt-12', 5, 'Goreng cilor hingga kecokelatan dan renyah, sekitar 3-5 menit.', 71);
INSERT INTO public.steps VALUES ('receipt-12', 6, 'Angkat cilor dan tiriskan di atas tisu dapur untuk menghilangkan kelebihan minyak.', 72);
INSERT INTO public.steps VALUES ('receipt-13', 1, 'Siapkan tahu putih bulat. Belah tahu menjadi dua bagian.', 73);
INSERT INTO public.steps VALUES ('receipt-13', 2, 'Campurkan tepung terigu, bawang putih bubuk, garam, merica, dan air dalam mangkuk hingga membentuk adonan yang kental.', 74);
INSERT INTO public.steps VALUES ('receipt-13', 3, 'Celupkan setengah bagian tahu ke dalam adonan tepung hingga rata.', 75);
INSERT INTO public.steps VALUES ('receipt-13', 4, 'Panaskan minyak dalam wajan hingga cukup panas.', 76);
INSERT INTO public.steps VALUES ('receipt-13', 5, 'Goreng tahu hingga kecokelatan dan renyah, sekitar 3-5 menit.', 77);
INSERT INTO public.steps VALUES ('receipt-13', 6, 'Angkat tahu bulat dan tiriskan di atas tisu dapur untuk menghilangkan kelebihan minyak.', 78);
INSERT INTO public.steps VALUES ('receipt-14', 1, 'Kupas sukun dan iris tipis-tipis.', 79);
INSERT INTO public.steps VALUES ('receipt-14', 2, 'Campurkan tepung terigu, garam, merica, bawang putih bubuk, dan air dalam mangkuk hingga membentuk adonan yang kental.', 80);
INSERT INTO public.steps VALUES ('receipt-14', 3, 'Celupkan irisan sukun ke dalam adonan tepung hingga rata.', 81);
INSERT INTO public.steps VALUES ('receipt-14', 4, 'Panaskan minyak dalam wajan hingga cukup panas.', 82);
INSERT INTO public.steps VALUES ('receipt-14', 5, 'Goreng sukun hingga kecokelatan dan renyah, sekitar 5-7 menit.', 83);
INSERT INTO public.steps VALUES ('receipt-14', 6, 'Angkat sukun goreng dan tiriskan di atas tisu dapur untuk menghilangkan kelebihan minyak.', 84);
INSERT INTO public.steps VALUES ('receipt-15', 1, 'Kupas apel, buang bijinya, dan potong menjadi irisan setebal 1 cm.', 85);
INSERT INTO public.steps VALUES ('receipt-15', 2, 'Campurkan tepung terigu, gula, garam, kayu manis, telur, dan air dalam mangkuk hingga membentuk adonan yang kental.', 86);
INSERT INTO public.steps VALUES ('receipt-15', 3, 'Celupkan irisan apel ke dalam adonan tepung hingga rata.', 87);
INSERT INTO public.steps VALUES ('receipt-15', 4, 'Panaskan minyak dalam wajan hingga cukup panas.', 88);
INSERT INTO public.steps VALUES ('receipt-15', 5, 'Goreng irisan apel hingga kecokelatan dan renyah, sekitar 2-3 menit di setiap sisi.', 89);
INSERT INTO public.steps VALUES ('receipt-15', 6, 'Angkat apel goreng dan tiriskan di atas tisu dapur untuk menghilangkan kelebihan minyak.', 90);
INSERT INTO public.steps VALUES ('receipt-15', 7, 'Taburkan gula bubuk atau kayu manis bubuk sebagai hiasan jika diinginkan.', 91);
INSERT INTO public.steps VALUES ('receipt-16', 1, 'Potong roti tawar menjadi bentuk bantal atau sesuai selera.', 92);
INSERT INTO public.steps VALUES ('receipt-16', 2, 'Campurkan telur, susu, gula, dan garam dalam mangkuk.', 93);
INSERT INTO public.steps VALUES ('receipt-16', 3, 'Celupkan potongan roti ke dalam campuran telur.', 94);
INSERT INTO public.steps VALUES ('receipt-16', 5, 'Goreng roti bantal hingga kecokelatan dan renyah, sekitar 2-3 menit di setiap sisi.', 95);
INSERT INTO public.steps VALUES ('receipt-16', 6, 'Angkat roti bantal dan tiriskan di atas tisu dapur untuk menghilangkan kelebihan minyak.', 96);
INSERT INTO public.steps VALUES ('receipt-16', 7, 'Taburkan gula bubuk atau topping sesuai selera sebelum disajikan.', 97);
INSERT INTO public.steps VALUES ('receipt-17', 1, 'Campurkan ragi dengan susu hangat dan 1 sendok makan gula. Biarkan ragi aktif selama 10-15 menit.', 98);
INSERT INTO public.steps VALUES ('receipt-17', 2, 'Campurkan tepung terigu, gula, garam, telur, dan mentega dalam mangkuk besar.', 99);
INSERT INTO public.steps VALUES ('receipt-17', 3, 'Tambahkan campuran ragi yang sudah aktif ke dalam mangkuk dan aduk hingga membentuk adonan kalis.', 100);
INSERT INTO public.steps VALUES ('receipt-17', 4, 'Tutup adonan dengan kain lembab dan diamkan selama 1-2 jam hingga mengembang.', 101);
INSERT INTO public.steps VALUES ('receipt-17', 5, 'Gulungkan adonan dan potong dengan cetakan donat atau gelas untuk membuat donat bundar.', 102);
INSERT INTO public.steps VALUES ('receipt-17', 6, 'Panaskan minyak dalam wajan hingga cukup panas.', 103);
INSERT INTO public.steps VALUES ('receipt-17', 7, 'Goreng donat hingga kecokelatan, sekitar 2-3 menit di setiap sisi.', 104);
INSERT INTO public.steps VALUES ('receipt-17', 8, 'Angkat donat dan tiriskan di atas tisu dapur untuk menghilangkan kelebihan minyak.', 105);
INSERT INTO public.steps VALUES ('receipt-17', 9, 'Olesi donat dengan selai strawberry dan taburi gula bubuk sebelum disajikan.', 106);
INSERT INTO public.steps VALUES ('receipt-18', 1, 'Campurkan terigu, air, bawang merah, bawang putih, gula, garam, dan teri dalam mangkuk hingga membentuk adonan kalis.', 107);
INSERT INTO public.steps VALUES ('receipt-18', 2, 'Panaskan minyak dalam wajan hingga cukup panas.', 108);
INSERT INTO public.steps VALUES ('receipt-18', 3, 'Ambil sebagian adonan dengan sendok dan letakkan ke dalam minyak panas.', 109);
INSERT INTO public.steps VALUES ('receipt-18', 4, 'Goreng hingga kecokelatan dan renyah, sekitar 2-3 menit di setiap sisi.', 110);
INSERT INTO public.steps VALUES ('receipt-18', 5, 'Angkat peyek teri dan tiriskan di atas tisu dapur untuk menghilangkan kelebihan minyak.', 111);
INSERT INTO public.steps VALUES ('receipt-19', 1, 'Campurkan tepung ketan, gula, dan daun pandan dalam mangkuk hingga tercampur rata.', 112);
INSERT INTO public.steps VALUES ('receipt-19', 2, 'Bentuk adonan menjadi bola-bola kecil dan letakkan sepotong gula merah di tengahnya. Bulatkan kembali hingga gula merah tertutup rapat.', 113);
INSERT INTO public.steps VALUES ('receipt-19', 3, 'Panaskan minyak dalam wajan hingga cukup panas.', 114);
INSERT INTO public.steps VALUES ('receipt-19', 4, 'Goreng onde-onde hingga kecokelatan, sekitar 3-4 menit.', 115);
INSERT INTO public.steps VALUES ('receipt-19', 5, 'Angkat onde-onde dan tiriskan di atas tisu dapur untuk menghilangkan kelebihan minyak.', 116);
INSERT INTO public.steps VALUES ('receipt-20', 1, 'Campurkan tepung terigu, bawang putih, garam, gula, merica, daun seledri, wortel, tauge, dan air dalam mangkuk hingga membentuk adonan kalis.', 117);
INSERT INTO public.steps VALUES ('receipt-20', 2, 'Panaskan minyak dalam wajan hingga cukup panas.', 118);
INSERT INTO public.steps VALUES ('receipt-20', 3, 'Ambil sebagian adonan dengan sendok dan letakkan ke dalam minyak panas.', 119);
INSERT INTO public.steps VALUES ('receipt-20', 4, 'Goreng ote-ote hingga kecokelatan dan renyah, sekitar 3-4 menit.', 120);
INSERT INTO public.steps VALUES ('receipt-20', 5, 'Angkat ote-ote dan tiriskan di atas tisu dapur untuk menghilangkan kelebihan minyak.', 121);
INSERT INTO public.steps VALUES ('receipt-22', 1, 'Campurkan tepung terigu, tepung beras, jagung pipil, gula, garam, daun bawang, dan air dalam mangkuk hingga membentuk adonan kalis.', 130);
INSERT INTO public.steps VALUES ('receipt-22', 2, 'Panaskan minyak dalam wajan hingga cukup panas.', 131);
INSERT INTO public.steps VALUES ('receipt-22', 3, 'Ambil sebagian adonan dengan sendok dan letakkan ke dalam minyak panas.', 132);
INSERT INTO public.steps VALUES ('receipt-22', 4, 'Goreng dadar jagung hingga kecokelatan, sekitar 2-3 menit di setiap sisi.', 133);
INSERT INTO public.steps VALUES ('receipt-22', 5, 'Angkat dadar jagung dan tiriskan di atas tisu dapur untuk menghilangkan kelebihan minyak.', 134);
INSERT INTO public.steps VALUES ('receipt-23', 1, 'Campurkan tepung beras, tepung terigu, bawang putih, gula, garam, ketumbar, dan air dalam mangkuk hingga membentuk adonan kalis.', 135);
INSERT INTO public.steps VALUES ('receipt-23', 2, 'Panaskan minyak dalam wajan hingga cukup panas.', 136);
INSERT INTO public.steps VALUES ('receipt-23', 3, 'Ambil sebagian adonan dengan sendok dan letakkan ke dalam minyak panas.', 137);
INSERT INTO public.steps VALUES ('receipt-23', 4, 'Goreng peyek kacang hingga kecokelatan dan renyah, sekitar 2-3 menit di setiap sisi.', 138);
INSERT INTO public.steps VALUES ('receipt-23', 5, 'Angkat peyek kacang dan tiriskan di atas tisu dapur untuk menghilangkan kelebihan minyak.', 139);
INSERT INTO public.steps VALUES ('receipt-24', 1, 'Potong tahu (gehu) menjadi potongan-potongan kecil sesuai selera.', 140);
INSERT INTO public.steps VALUES ('receipt-24', 2, 'Campurkan tepung terigu, bawang putih, garam, lada, dan air dalam mangkuk hingga membentuk adonan kalis.', 141);
INSERT INTO public.steps VALUES ('receipt-24', 3, 'Panaskan minyak dalam wajan hingga cukup panas.', 142);
INSERT INTO public.steps VALUES ('receipt-24', 4, 'Celupkan potongan tahu ke dalam adonan tepung hingga rata.', 143);
INSERT INTO public.steps VALUES ('receipt-24', 5, 'Goreng tahu hingga kecokelatan dan renyah, sekitar 3-4 menit di setiap sisi.', 144);
INSERT INTO public.steps VALUES ('receipt-24', 6, 'Angkat tahu dan tiriskan di atas tisu dapur untuk menghilangkan kelebihan minyak.', 145);
INSERT INTO public.steps VALUES ('receipt-24', 7, 'Sajikan tahu pedas dengan saus cabai atau saus sambal sebagai pelengkap.', 146);
INSERT INTO public.steps VALUES ('receipt-25', 1, 'Campurkan tepung terigu, bawang putih, bawang merah, daun seledri, garam, merica, telur, dan air dalam mangkuk hingga membentuk adonan kalis.', 147);
INSERT INTO public.steps VALUES ('receipt-25', 2, 'Tambahkan potongan daging sosis ke dalam adonan.', 148);
INSERT INTO public.steps VALUES ('receipt-25', 3, 'Panaskan minyak dalam wajan hingga cukup panas.', 149);
INSERT INTO public.steps VALUES ('receipt-25', 4, 'Ambil sebagian adonan dengan sendok dan letakkan ke dalam minyak panas.', 150);
INSERT INTO public.steps VALUES ('receipt-25', 5, 'Goreng sempol hingga kecokelatan dan matang, sekitar 3-4 menit.', 151);
INSERT INTO public.steps VALUES ('receipt-25', 6, 'Angkat sempol dan tiriskan di atas tisu dapur untuk menghilangkan kelebihan minyak.', 152);
INSERT INTO public.steps VALUES ('receipt-26', 1, 'Campurkan tepung ketan, kelapa parut, daun bawang, daun kemangi, garam, merica, dan air dalam mangkuk hingga membentuk adonan kalis.', 153);
INSERT INTO public.steps VALUES ('receipt-26', 2, 'Bentuk adonan menjadi bulatan pipih dan letakkan sepotong oncom di tengahnya. Bulatkan kembali hingga oncom tertutup rapat.', 154);
INSERT INTO public.steps VALUES ('receipt-26', 3, 'Panaskan minyak dalam wajan hingga cukup panas.', 155);
INSERT INTO public.steps VALUES ('receipt-26', 4, 'Goreng combro hingga kecokelatan, sekitar 3-4 menit di setiap sisi.', 156);
INSERT INTO public.steps VALUES ('receipt-26', 5, 'Angkat combro dan tiriskan di atas tisu dapur untuk menghilangkan kelebihan minyak.', 157);
INSERT INTO public.steps VALUES ('recipe-tR_-C7uNPwg00p8b', 1, 'Iris pisang masing-masing menjadi 8 bagian', 248);
INSERT INTO public.steps VALUES ('recipe-tR_-C7uNPwg00p8b', 2, 'Ambil 1 lembar spring roll/kulit pangsit, beri 1 iris pisang. Tambahkan meises cokelat dan keju parut secukupnya.', 249);
INSERT INTO public.steps VALUES ('recipe-tR_-C7uNPwg00p8b', 3, 'Gulung dan rapatkan ujung nya dengan olesan larutan tepung terigu. Ulangi hingga bahan semua habis.', 250);
INSERT INTO public.steps VALUES ('recipe-tR_-C7uNPwg00p8b', 4, 'Panaskan minyak banyak di atas api sedang. Goreng pisang aroma hingga matang keemasan. Taburi dengan sedikit gula pasir.', 251);
INSERT INTO public.steps VALUES ('recipe-tR_-C7uNPwg00p8b', 5, 'Angkat, tiriskan dan sajikan Pisang Aroma Coklat Keju.', 252);
INSERT INTO public.steps VALUES ('receipt-7', 1, 'Kupas ubi jalar dan iris tipis-tipis.', 203);
INSERT INTO public.steps VALUES ('receipt-7', 2, 'Campurkan tepung terigu, bawang putih bubuk, garam, merica, dan air hingga membentuk adonan yang kental.', 204);
INSERT INTO public.steps VALUES ('receipt-7', 3, 'Panaskan minyak dalam wajan hingga cukup panas.', 205);
INSERT INTO public.steps VALUES ('receipt-7', 4, 'Celupkan irisan ubi jalar ke dalam adonan tepung dan goreng hingga kecokelatan, sekitar 3-5 menit.', 206);
INSERT INTO public.steps VALUES ('receipt-7', 5, 'Angkat gorengan ubi jalar dan tiriskan di atas tisu dapur untuk menghilangkan kelebihan minyak.', 207);
INSERT INTO public.steps VALUES ('receipt-21', 1, 'Siapkan kulit lumpia dan letakkan selembar di permukaan datar.', 253);
INSERT INTO public.steps VALUES ('receipt-21', 2, 'Letakkan isian sayuran di tengah kulit lumpia.', 254);
INSERT INTO public.steps VALUES ('receipt-21', 3, 'Lipat kedua sisi kulit lumpia ke atas, lalu gulung hingga membentuk risol.', 255);
INSERT INTO public.steps VALUES ('receipt-21', 4, 'Campurkan tepung terigu, garam, dan air untuk membuat adonan lem tepung.', 256);
INSERT INTO public.steps VALUES ('receipt-21', 5, 'Celupkan risol dalam adonan lem tepung, lalu gulingkan dalam tepung panir.', 257);
INSERT INTO public.steps VALUES ('receipt-21', 6, 'Panaskan minyak dalam wajan hingga cukup panas.', 258);
INSERT INTO public.steps VALUES ('receipt-21', 7, 'Goreng risol hingga kecokelatan, sekitar 3-4 menit.', 259);
INSERT INTO public.steps VALUES ('receipt-21', 8, 'Angkat risol dan tiriskan di atas tisu dapur untuk menghilangkan kelebihan minyak.', 260);


--
-- TOC entry 3773 (class 0 OID 28560)
-- Dependencies: 288
-- Data for Name: users; Type: TABLE DATA; Schema: public; Owner: postgres
--

INSERT INTO public.users VALUES ('@id_user73McCZ_d3lXHXYr6HrD1L', 'test', 'test', 'test@test.mail.com', 'https://kcdozmuijfkbhixjccgw.supabase.co/storage/v1/object/public/gorenganindonesia/default/user-512.png', 'default/user-512.png');
INSERT INTO public.users VALUES ('@id_userOopgMPDpRwlA7hpRIVhwx', 'John Doe', 'johndoe', 'john@mail.com', 'https://kcdozmuijfkbhixjccgw.supabase.co/storage/v1/object/public/gorenganindonesia/default/user-512.png', 'default/user-512.png');
INSERT INTO public.users VALUES ('@id_userEW3XETwzatHLUsLIhpdh8', 'Sari Puspita Hasna', 'hasna', 'hasna@mail.com', 'https://kcdozmuijfkbhixjccgw.supabase.co/storage/v1/object/public/gorenganindonesia/default/user-512.png', 'default/user-512.png');
INSERT INTO public.users VALUES ('@id_userBPqBoCh_xILbpXln474bD', 'Asrofil Fachrul Riidlo', 'asrofil', 'asrofil@mail.com', 'https://kcdozmuijfkbhixjccgw.supabase.co/storage/v1/object/public/gorenganindonesia/user/20231216_07:01:52__JBKiL.jpeg', 'user/20231216_07:01:52__JBKiL.jpeg');
INSERT INTO public.users VALUES ('@id_user3HceBhx_jIfB_Xd5_04MU', 'Alya Hamida', 'alya', 'alya@mail.com', 'https://kcdozmuijfkbhixjccgw.supabase.co/storage/v1/object/public/gorenganindonesia/default/user-512.png', 'default/user-512.png');
INSERT INTO public.users VALUES ('@id_user--E2er8FtN-4hyFIBgzfd', 'Riga Normanda Putra', 'riga', 'riga@mail.com', 'https://kcdozmuijfkbhixjccgw.supabase.co/storage/v1/object/public/gorenganindonesia/default/user-512.png', 'default/user-512.png');
INSERT INTO public.users VALUES ('@id_user52nNBdoEinsLnYkhzHPcX', 'Surya Aditya Angga Siswanto', 'surya', 'surya@mail.com', 'https://kcdozmuijfkbhixjccgw.supabase.co/storage/v1/object/public/gorenganindonesia/default/user-512.png', 'default/user-512.png');
INSERT INTO public.users VALUES ('@id_userk3a8NtJBKgCPSkPPSaBaA', 'admin', 'admin', 'admin@mail.com', 'https://kcdozmuijfkbhixjccgw.supabase.co/storage/v1/object/public/gorenganindonesia/default/user-512.png', 'default/user-512.png');
INSERT INTO public.users VALUES ('@id_userUkmal8h9YBdogptqFoQ3h', 'Nurul Aeni Jaenuddin', 'nurulaenij25', 'nurulaenij25@gmail.com', 'https://kcdozmuijfkbhixjccgw.supabase.co/storage/v1/object/public/gorenganindonesia/default/user-512.png', 'default/user-512.png');
INSERT INTO public.users VALUES ('@id_userjEJ4ecn7yWoPM8HvbwyGw', 'airyn', 'airyn17', 'airyn17@gmail.com', 'https://kcdozmuijfkbhixjccgw.supabase.co/storage/v1/object/public/gorenganindonesia/default/user-512.png', 'default/user-512.png');
INSERT INTO public.users VALUES ('@id_usercRL9fcjZSLm4qJ72fhciv', 'Dummy 01', 'dummy_01', 'dummy_01@mail.com', 'https://kcdozmuijfkbhixjccgw.supabase.co/storage/v1/object/public/gorenganindonesia/default/user-512.png', 'default/user-512.png');
INSERT INTO public.users VALUES ('@id_userUyryYUYLO6HilN4RH4myU', 'alya nyoba', 'aleah', 'alyahamida@mail.com', 'https://kcdozmuijfkbhixjccgw.supabase.co/storage/v1/object/public/gorenganindonesia/default/user-512.png', 'default/user-512.png');
INSERT INTO public.users VALUES ('@id_userUIjuDuhJ_QnJbdiA_z1F_', 'Ghina Faridah', 'ghina', 'ghina@mail.com', 'https://kcdozmuijfkbhixjccgw.supabase.co/storage/v1/object/public/gorenganindonesia/user/20231215_13:36:25__07X3p.jpeg', 'user/20231215_13:36:25__07X3p.jpeg');


--
-- TOC entry 3808 (class 0 OID 0)
-- Dependencies: 297
-- Name: favourites_id_seq; Type: SEQUENCE SET; Schema: public; Owner: postgres
--

SELECT pg_catalog.setval('public.favourites_id_seq', 56, true);


--
-- TOC entry 3809 (class 0 OID 0)
-- Dependencies: 298
-- Name: ingredients_id_seq; Type: SEQUENCE SET; Schema: public; Owner: postgres
--

SELECT pg_catalog.setval('public.ingredients_id_seq', 660, true);


--
-- TOC entry 3810 (class 0 OID 0)
-- Dependencies: 292
-- Name: ratings_id_seq; Type: SEQUENCE SET; Schema: public; Owner: postgres
--

SELECT pg_catalog.setval('public.ratings_id_seq', 252, true);


--
-- TOC entry 3811 (class 0 OID 0)
-- Dependencies: 299
-- Name: steps_id_seq; Type: SEQUENCE SET; Schema: public; Owner: postgres
--

SELECT pg_catalog.setval('public.steps_id_seq', 338, true);


--
-- TOC entry 3599 (class 2606 OID 28661)
-- Name: auth auth_pk; Type: CONSTRAINT; Schema: public; Owner: postgres
--

ALTER TABLE ONLY public.auth
    ADD CONSTRAINT auth_pk PRIMARY KEY (user_id, password);


--
-- TOC entry 3593 (class 2606 OID 28570)
-- Name: users email_unique; Type: CONSTRAINT; Schema: public; Owner: postgres
--

ALTER TABLE ONLY public.users
    ADD CONSTRAINT email_unique UNIQUE (email);


--
-- TOC entry 3611 (class 2606 OID 30835)
-- Name: favourites favourites_pkey; Type: CONSTRAINT; Schema: public; Owner: postgres
--

ALTER TABLE ONLY public.favourites
    ADD CONSTRAINT favourites_pkey PRIMARY KEY (id);


--
-- TOC entry 3603 (class 2606 OID 31753)
-- Name: ingredients ingredients_pkey; Type: CONSTRAINT; Schema: public; Owner: postgres
--

ALTER TABLE ONLY public.ingredients
    ADD CONSTRAINT ingredients_pkey PRIMARY KEY (id);


--
-- TOC entry 3605 (class 2606 OID 28617)
-- Name: ratings ratings_pkey; Type: CONSTRAINT; Schema: public; Owner: postgres
--

ALTER TABLE ONLY public.ratings
    ADD CONSTRAINT ratings_pkey PRIMARY KEY (id);


--
-- TOC entry 3601 (class 2606 OID 28591)
-- Name: recipes receipts_pkey; Type: CONSTRAINT; Schema: public; Owner: postgres
--

ALTER TABLE ONLY public.recipes
    ADD CONSTRAINT receipts_pkey PRIMARY KEY (id);


--
-- TOC entry 3609 (class 2606 OID 31762)
-- Name: steps steps_pkey; Type: CONSTRAINT; Schema: public; Owner: postgres
--

ALTER TABLE ONLY public.steps
    ADD CONSTRAINT steps_pkey PRIMARY KEY (recipe_id, step, id);


--
-- TOC entry 3613 (class 2606 OID 30848)
-- Name: favourites uq_favourites_user_id_recipe_id; Type: CONSTRAINT; Schema: public; Owner: postgres
--

ALTER TABLE ONLY public.favourites
    ADD CONSTRAINT uq_favourites_user_id_recipe_id UNIQUE (user_id, recipe_id);


--
-- TOC entry 3607 (class 2606 OID 30812)
-- Name: ratings uq_ratings_user_id_recipe_id; Type: CONSTRAINT; Schema: public; Owner: postgres
--

ALTER TABLE ONLY public.ratings
    ADD CONSTRAINT uq_ratings_user_id_recipe_id UNIQUE (user_id, recipe_id);


--
-- TOC entry 3595 (class 2606 OID 28568)
-- Name: users username_unique; Type: CONSTRAINT; Schema: public; Owner: postgres
--

ALTER TABLE ONLY public.users
    ADD CONSTRAINT username_unique UNIQUE (username);


--
-- TOC entry 3597 (class 2606 OID 28566)
-- Name: users users_pkey; Type: CONSTRAINT; Schema: public; Owner: postgres
--

ALTER TABLE ONLY public.users
    ADD CONSTRAINT users_pkey PRIMARY KEY (id);


--
-- TOC entry 3614 (class 2606 OID 30870)
-- Name: auth auth_user_id_fkey; Type: FK CONSTRAINT; Schema: public; Owner: postgres
--

ALTER TABLE ONLY public.auth
    ADD CONSTRAINT auth_user_id_fkey FOREIGN KEY (user_id) REFERENCES public.users(id) ON DELETE CASCADE;


--
-- TOC entry 3620 (class 2606 OID 28753)
-- Name: favourites favourites_recipe_id_fkey; Type: FK CONSTRAINT; Schema: public; Owner: postgres
--

ALTER TABLE ONLY public.favourites
    ADD CONSTRAINT favourites_recipe_id_fkey FOREIGN KEY (recipe_id) REFERENCES public.recipes(id) ON DELETE CASCADE;


--
-- TOC entry 3621 (class 2606 OID 28650)
-- Name: favourites fk_fav_user_id_users_id; Type: FK CONSTRAINT; Schema: public; Owner: postgres
--

ALTER TABLE ONLY public.favourites
    ADD CONSTRAINT fk_fav_user_id_users_id FOREIGN KEY (user_id) REFERENCES public.users(id) ON DELETE CASCADE;


--
-- TOC entry 3616 (class 2606 OID 28748)
-- Name: ingredients ingredients_recipe_id_fkey; Type: FK CONSTRAINT; Schema: public; Owner: postgres
--

ALTER TABLE ONLY public.ingredients
    ADD CONSTRAINT ingredients_recipe_id_fkey FOREIGN KEY (recipe_id) REFERENCES public.recipes(id) ON DELETE CASCADE;


--
-- TOC entry 3617 (class 2606 OID 28743)
-- Name: ratings ratings_recipe_id_fkey; Type: FK CONSTRAINT; Schema: public; Owner: postgres
--

ALTER TABLE ONLY public.ratings
    ADD CONSTRAINT ratings_recipe_id_fkey FOREIGN KEY (recipe_id) REFERENCES public.recipes(id) ON DELETE CASCADE;


--
-- TOC entry 3618 (class 2606 OID 28623)
-- Name: ratings ratings_user_id_fkey; Type: FK CONSTRAINT; Schema: public; Owner: postgres
--

ALTER TABLE ONLY public.ratings
    ADD CONSTRAINT ratings_user_id_fkey FOREIGN KEY (user_id) REFERENCES public.users(id) ON DELETE SET NULL;


--
-- TOC entry 3615 (class 2606 OID 28594)
-- Name: recipes receipts_user_id_fkey; Type: FK CONSTRAINT; Schema: public; Owner: postgres
--

ALTER TABLE ONLY public.recipes
    ADD CONSTRAINT receipts_user_id_fkey FOREIGN KEY (author_id) REFERENCES public.users(id) ON DELETE CASCADE;


--
-- TOC entry 3619 (class 2606 OID 28738)
-- Name: steps steps_recipe_id_fkey; Type: FK CONSTRAINT; Schema: public; Owner: postgres
--

ALTER TABLE ONLY public.steps
    ADD CONSTRAINT steps_recipe_id_fkey FOREIGN KEY (recipe_id) REFERENCES public.recipes(id) ON DELETE CASCADE;


--
-- TOC entry 3791 (class 0 OID 0)
-- Dependencies: 3789
-- Name: DATABASE postgres; Type: ACL; Schema: -; Owner: postgres
--

GRANT ALL ON DATABASE postgres TO dashboard_user;


--
-- TOC entry 3794 (class 0 OID 0)
-- Dependencies: 13
-- Name: SCHEMA public; Type: ACL; Schema: -; Owner: pg_database_owner
--

GRANT USAGE ON SCHEMA public TO postgres;
GRANT USAGE ON SCHEMA public TO anon;
GRANT USAGE ON SCHEMA public TO authenticated;
GRANT USAGE ON SCHEMA public TO service_role;


--
-- TOC entry 3795 (class 0 OID 0)
-- Dependencies: 289
-- Name: TABLE auth; Type: ACL; Schema: public; Owner: postgres
--

GRANT ALL ON TABLE public.auth TO anon;
GRANT ALL ON TABLE public.auth TO authenticated;
GRANT ALL ON TABLE public.auth TO service_role;


--
-- TOC entry 3796 (class 0 OID 0)
-- Dependencies: 295
-- Name: TABLE favourites; Type: ACL; Schema: public; Owner: postgres
--

GRANT ALL ON TABLE public.favourites TO anon;
GRANT ALL ON TABLE public.favourites TO authenticated;
GRANT ALL ON TABLE public.favourites TO service_role;


--
-- TOC entry 3797 (class 0 OID 0)
-- Dependencies: 297
-- Name: SEQUENCE favourites_id_seq; Type: ACL; Schema: public; Owner: postgres
--

GRANT ALL ON SEQUENCE public.favourites_id_seq TO anon;
GRANT ALL ON SEQUENCE public.favourites_id_seq TO authenticated;
GRANT ALL ON SEQUENCE public.favourites_id_seq TO service_role;


--
-- TOC entry 3798 (class 0 OID 0)
-- Dependencies: 291
-- Name: TABLE ingredients; Type: ACL; Schema: public; Owner: postgres
--

GRANT ALL ON TABLE public.ingredients TO anon;
GRANT ALL ON TABLE public.ingredients TO authenticated;
GRANT ALL ON TABLE public.ingredients TO service_role;


--
-- TOC entry 3799 (class 0 OID 0)
-- Dependencies: 298
-- Name: SEQUENCE ingredients_id_seq; Type: ACL; Schema: public; Owner: postgres
--

GRANT ALL ON SEQUENCE public.ingredients_id_seq TO anon;
GRANT ALL ON SEQUENCE public.ingredients_id_seq TO authenticated;
GRANT ALL ON SEQUENCE public.ingredients_id_seq TO service_role;


--
-- TOC entry 3800 (class 0 OID 0)
-- Dependencies: 293
-- Name: TABLE ratings; Type: ACL; Schema: public; Owner: postgres
--

GRANT ALL ON TABLE public.ratings TO anon;
GRANT ALL ON TABLE public.ratings TO authenticated;
GRANT ALL ON TABLE public.ratings TO service_role;


--
-- TOC entry 3802 (class 0 OID 0)
-- Dependencies: 292
-- Name: SEQUENCE ratings_id_seq; Type: ACL; Schema: public; Owner: postgres
--

GRANT ALL ON SEQUENCE public.ratings_id_seq TO anon;
GRANT ALL ON SEQUENCE public.ratings_id_seq TO authenticated;
GRANT ALL ON SEQUENCE public.ratings_id_seq TO service_role;


--
-- TOC entry 3803 (class 0 OID 0)
-- Dependencies: 290
-- Name: TABLE recipes; Type: ACL; Schema: public; Owner: postgres
--

GRANT ALL ON TABLE public.recipes TO anon;
GRANT ALL ON TABLE public.recipes TO authenticated;
GRANT ALL ON TABLE public.recipes TO service_role;


--
-- TOC entry 3804 (class 0 OID 0)
-- Dependencies: 294
-- Name: TABLE steps; Type: ACL; Schema: public; Owner: postgres
--

GRANT ALL ON TABLE public.steps TO anon;
GRANT ALL ON TABLE public.steps TO authenticated;
GRANT ALL ON TABLE public.steps TO service_role;


--
-- TOC entry 3805 (class 0 OID 0)
-- Dependencies: 299
-- Name: SEQUENCE steps_id_seq; Type: ACL; Schema: public; Owner: postgres
--

GRANT ALL ON SEQUENCE public.steps_id_seq TO anon;
GRANT ALL ON SEQUENCE public.steps_id_seq TO authenticated;
GRANT ALL ON SEQUENCE public.steps_id_seq TO service_role;


--
-- TOC entry 3806 (class 0 OID 0)
-- Dependencies: 288
-- Name: TABLE users; Type: ACL; Schema: public; Owner: postgres
--

GRANT ALL ON TABLE public.users TO anon;
GRANT ALL ON TABLE public.users TO authenticated;
GRANT ALL ON TABLE public.users TO service_role;


--
-- TOC entry 3807 (class 0 OID 0)
-- Dependencies: 296
-- Name: TABLE user_auth; Type: ACL; Schema: public; Owner: postgres
--

GRANT ALL ON TABLE public.user_auth TO anon;
GRANT ALL ON TABLE public.user_auth TO authenticated;
GRANT ALL ON TABLE public.user_auth TO service_role;


--
-- TOC entry 2442 (class 826 OID 16484)
-- Name: DEFAULT PRIVILEGES FOR SEQUENCES; Type: DEFAULT ACL; Schema: public; Owner: postgres
--

ALTER DEFAULT PRIVILEGES FOR ROLE postgres IN SCHEMA public GRANT ALL ON SEQUENCES  TO postgres;
ALTER DEFAULT PRIVILEGES FOR ROLE postgres IN SCHEMA public GRANT ALL ON SEQUENCES  TO anon;
ALTER DEFAULT PRIVILEGES FOR ROLE postgres IN SCHEMA public GRANT ALL ON SEQUENCES  TO authenticated;
ALTER DEFAULT PRIVILEGES FOR ROLE postgres IN SCHEMA public GRANT ALL ON SEQUENCES  TO service_role;


--
-- TOC entry 2443 (class 826 OID 16485)
-- Name: DEFAULT PRIVILEGES FOR SEQUENCES; Type: DEFAULT ACL; Schema: public; Owner: supabase_admin
--

ALTER DEFAULT PRIVILEGES FOR ROLE supabase_admin IN SCHEMA public GRANT ALL ON SEQUENCES  TO postgres;
ALTER DEFAULT PRIVILEGES FOR ROLE supabase_admin IN SCHEMA public GRANT ALL ON SEQUENCES  TO anon;
ALTER DEFAULT PRIVILEGES FOR ROLE supabase_admin IN SCHEMA public GRANT ALL ON SEQUENCES  TO authenticated;
ALTER DEFAULT PRIVILEGES FOR ROLE supabase_admin IN SCHEMA public GRANT ALL ON SEQUENCES  TO service_role;


--
-- TOC entry 2441 (class 826 OID 16483)
-- Name: DEFAULT PRIVILEGES FOR FUNCTIONS; Type: DEFAULT ACL; Schema: public; Owner: postgres
--

ALTER DEFAULT PRIVILEGES FOR ROLE postgres IN SCHEMA public GRANT ALL ON FUNCTIONS  TO postgres;
ALTER DEFAULT PRIVILEGES FOR ROLE postgres IN SCHEMA public GRANT ALL ON FUNCTIONS  TO anon;
ALTER DEFAULT PRIVILEGES FOR ROLE postgres IN SCHEMA public GRANT ALL ON FUNCTIONS  TO authenticated;
ALTER DEFAULT PRIVILEGES FOR ROLE postgres IN SCHEMA public GRANT ALL ON FUNCTIONS  TO service_role;


--
-- TOC entry 2445 (class 826 OID 16487)
-- Name: DEFAULT PRIVILEGES FOR FUNCTIONS; Type: DEFAULT ACL; Schema: public; Owner: supabase_admin
--

ALTER DEFAULT PRIVILEGES FOR ROLE supabase_admin IN SCHEMA public GRANT ALL ON FUNCTIONS  TO postgres;
ALTER DEFAULT PRIVILEGES FOR ROLE supabase_admin IN SCHEMA public GRANT ALL ON FUNCTIONS  TO anon;
ALTER DEFAULT PRIVILEGES FOR ROLE supabase_admin IN SCHEMA public GRANT ALL ON FUNCTIONS  TO authenticated;
ALTER DEFAULT PRIVILEGES FOR ROLE supabase_admin IN SCHEMA public GRANT ALL ON FUNCTIONS  TO service_role;


--
-- TOC entry 2440 (class 826 OID 16482)
-- Name: DEFAULT PRIVILEGES FOR TABLES; Type: DEFAULT ACL; Schema: public; Owner: postgres
--

ALTER DEFAULT PRIVILEGES FOR ROLE postgres IN SCHEMA public GRANT ALL ON TABLES  TO postgres;
ALTER DEFAULT PRIVILEGES FOR ROLE postgres IN SCHEMA public GRANT ALL ON TABLES  TO anon;
ALTER DEFAULT PRIVILEGES FOR ROLE postgres IN SCHEMA public GRANT ALL ON TABLES  TO authenticated;
ALTER DEFAULT PRIVILEGES FOR ROLE postgres IN SCHEMA public GRANT ALL ON TABLES  TO service_role;


--
-- TOC entry 2444 (class 826 OID 16486)
-- Name: DEFAULT PRIVILEGES FOR TABLES; Type: DEFAULT ACL; Schema: public; Owner: supabase_admin
--

ALTER DEFAULT PRIVILEGES FOR ROLE supabase_admin IN SCHEMA public GRANT ALL ON TABLES  TO postgres;
ALTER DEFAULT PRIVILEGES FOR ROLE supabase_admin IN SCHEMA public GRANT ALL ON TABLES  TO anon;
ALTER DEFAULT PRIVILEGES FOR ROLE supabase_admin IN SCHEMA public GRANT ALL ON TABLES  TO authenticated;
ALTER DEFAULT PRIVILEGES FOR ROLE supabase_admin IN SCHEMA public GRANT ALL ON TABLES  TO service_role;


-- Completed on 2023-12-16 19:38:39 WIB

--
-- PostgreSQL database dump complete
--

